user_input,retrieved_contexts,response,reference,faithfulness,answer_relevancy,context_precision,context_recall
Khi nào là thoi gian ky cho luat dat dai theo thong tin da duoc cung cap?,"['không đủ điều kiện bồi thường về đất ở theo quy định của Luật này nhưng không còn chỗ ở nào khác.\n    40. Thoái hóa đất là tình trạng đất bị thay đổi đặc tính, tính chất vốn có ban\nđầu theo chiều hướng xấu do tác động của điều kiện tự nhiên, con người.\n   ', 'Người ký: CỔNG THÔNG TIN ĐIỆN TỬ CHÍNH PHỦ\nEmail: thongtinchinhphu@chinhphu.vn Cơ quan: VĂN PHÒNG CHÍNH PHỦ Thời gian ký: 21.03.2024 15:22:01 +07:00\nCÔNG BÁO/Số 363 + 364/Ngày 01-3-2024\t3\nQUỐC HỘI\nLuật số: 31/2024/QH15\n\nCỘNG HÒA XÃ HỘI CHỦ NGHĨA VIỆT NAM\nĐ', 'huộc Trung ương nào thì do Ủy ban nhân dân cấp huyện đó quản lý;\n        b) Đất bãi bồi ven sông, ven biển được Nhà nước giao, cho thuê đối với tổ chức kinh tế, cá nhân, người gốc Việt Nam định cư ở nước ngoài, tổ chức kinh tế có vốn đầu tư nước ngoài.\n   ']","Thời gian ký cho luật đất đai là 21.03.2024, 15:22:01 +07:00.",Thời gian ký cho Luật Đất đai là 21.03.2024 15:22:01 +07:00.,1.0,0.18715823372845158,0.49999999995,1.0
Cộng hòa xã hội chủ nghĩa Việt Nam có luật gì về đất đai?,"['ộc lập - Tự do - Hạnh phúc\n\nLUẬT\nĐẤT ĐAI\n\nCăn cứ Hiến pháp nước Cộng hòa xã hội chủ nghĩa Việt Nam; Quốc hội ban hành Luật Đất đai.\nChương I QUY ĐỊNH CHUNG', 'sử dụng đất đối với đất đai thuộc lãnh thổ của nước Cộng hòa xã hội chủ nghĩa Việt Nam.\nĐiều 2. Đối tượng áp dụng\n    1. Cơ quan nhà nước thực hiện quyền hạn và trách nhiệm đại diện chủ sở hữu toàn dân về đất đai, thực hiện nhiệm vụ thống nhất quản lý nhà ', '  a) Những giấy tờ về quyền được sử dụng đất do cơ quan có thẩm quyền cấp trong quá trình thực hiện chính sách đất đai của Nhà nước Việt Nam dân chủ Cộng hòa, Chính phủ Cách mạng lâm thời Cộng hòa miền Nam Việt Nam và Nhà nước Cộng hòa xã hội chủ nghĩa Việ']",Cộng hòa xã hội chủ nghĩa Việt Nam có Luật Đất đai.,"Luật này quy định về chế độ sở hữu đất đai, quyền hạn và trách nhiệm của Nhà nước đại diện chủ sở hữu toàn dân về đất đai và thống nhất quản lý về đất đai, chế độ quản lý và sử dụng đất đai, quyền và nghĩa vụ của công dân, người sử dụng đất đối với đất đai thuộc lãnh thổ của nước Cộng hòa xã hội chủ nghĩa Việt Nam.",1.0,0.5540962162263455,0.9999999999666667,1.0
Chính phủ có vai trò gì trong việc quản lý đất đai và quyền sử dụng đất nông nghiệp?,"['ược thực hiện định kỳ hằng năm.\n    4. Trách nhiệm theo dõi và đánh giá đối với việc quản lý, sử dụng đất đai được quy định như sau:\n        a) Bộ Tài nguyên và Môi trường có trách nhiệm giúp Chính phủ theo dõi và đánh giá đối với việc quản lý, sử dụng đất', 'uốc gia.\nBộ Tài nguyên và Môi trường có trách nhiệm chủ trì giúp Chính phủ lập quy hoạch, kế hoạch sử dụng đất quốc gia.\n    2. Ủy ban nhân dân cấp tỉnh tổ chức lập quy hoạch, kế hoạch sử dụng đất cấp tỉnh.\nCơ quan có chức năng quản lý đất đai cấp tỉnh có ', '. Ủy ban nhân dân các cấp có trách nhiệm tuyên truyền, phổ biến chính sách, pháp luật, hướng dẫn, hỗ trợ các bên trong việc thực hiện tích tụ đất nông nghiệp và bảo đảm ổn định quy hoạch đối với diện tích đất nông nghiệp đã tích tụ.\n    5. Chính phủ quy đị']","Chính phủ có vai trò theo dõi và đánh giá việc quản lý, sử dụng đất đai, đồng thời chủ trì lập quy hoạch và kế hoạch sử dụng đất quốc gia.","Chính phủ có vai trò trong việc quản lý đất đai thông qua việc bồi thường về đất, tức là trả lại giá trị quyền sử dụng đất của diện tích đất thu hồi cho người có đất thu hồi. Ngoài ra, cá nhân trực tiếp sản xuất nông nghiệp là những người đã được Nhà nước giao đất, cho thuê đất, và công nhận quyền sử dụng đất nông nghiệp, từ đó có thu nhập từ sản xuất nông nghiệp theo quy định của Chính phủ.",1.0,0.5464849725104699,0.9999999999666667,0.0
What are the key definitions and concepts outlined in the Luật regarding land use and investment?,"[' thiệt hại đối với cây trồng, vật nuôi thì việc bồi thường thực hiện theo quy định sau đây:\n    1. Đối với cây hằng năm, mức bồi thường được tính bằng giá trị sản lượng của vụ thu hoạch đối với cây trồng đó. Giá trị sản lượng của vụ thu hoạch được tính the', 'ở nước ngoài;\n    7. Tổ chức kinh tế có vốn đầu tư nước ngoài.\nĐiều 5. Nguyên tắc sử dụng đất\n    1. Đúng mục đích sử dụng đất.\n    2. Bền vững, tiết kiệm, có hiệu quả đối với đất đai và tài nguyên trên bề mặt, trong lòng đất.\n    3. Bảo vệ đất, bảo vệ môi', 'in điện tử của Ủy ban nhân dân cấp huyện;\n        b) Tổ chức lập, tổ chức thực hiện phương án thu hồi, bồi thường, hỗ trợ, tái\nđịnh cư theo quy định của Luật này để đấu giá quyền sử dụng đất;\n        c) Tổ chức lập, tổ chức thực hiện phương án đấu giá quyề']","The key definitions and concepts outlined in the Luật regarding land use and investment include:

1. **Purpose of Land Use**: Land must be used for its intended purpose.
2. **Sustainable and Efficient Use**: Land use should be sustainable, economical, and effective concerning land and surface resources.
3. **Land Protection**: There is an emphasis on protecting land and the environment.
4. **Compensation for Crop Damage**: Compensation for damage to crops is based on the value of the harvest for annual crops.
5. **Investment Organizations**: The law includes provisions for organizations with foreign investment.

These principles guide the management and utilization of land and resources.","The Luật outlines several key definitions and concepts related to land use and investment. Firstly, 'Chi phí đầu tư vào đất còn lại' refers to the reasonable costs that land users have directly invested in the land for its intended use, which have not been fully recovered by the time the state reclaims the land. Secondly, 'Chỉ tiêu sử dụng đất' is defined as the area of each type of land specified in the land use planning and plans at various levels, determined by competent state authorities for allocation during the planning process. Additionally, 'Chiếm đất' refers to the unauthorized use of land managed by the state without permission from the competent authority or the legal land user. Lastly, 'Chủ đầu tư' is defined as the investor selected to implement a land-use project, who is granted land, leased land, or permitted to change the land use purpose according to the regulations of the Luật.",1.0,1.0000000000000002,0.49999999995,0.2
Cộng hòa xã hội chủ nghĩa Việt Nam có những quy định gì về chuyển mục đích sử dụng đất và chuyển quyền sử dụng đất?,"[' Luật này.\n    11. Chuyển mục đích sử dụng đất là việc người sử dụng đất được thay đổi từ mục đích sử dụng đất này sang mục đích sử dụng đất khác theo quy định của Luật này.\n    12. Chuyển quyền sử dụng đất là việc chuyển giao quyền sử dụng đất từ người nà', 'phương quyết định việc cho phép tiếp tục thực hiện thỏa thuận về nhận chuyển quyền sử dụng đất.\nĐiều 255. Quy định chuyển tiếp về giao đất, cho thuê đất, chuyển mục đích sử dụng đất khi Luật này có hiệu lực thi hành\n    1. Hộ gia đình, cá nhân đang sử dụng', '  a) Những giấy tờ về quyền được sử dụng đất do cơ quan có thẩm quyền cấp trong quá trình thực hiện chính sách đất đai của Nhà nước Việt Nam dân chủ Cộng hòa, Chính phủ Cách mạng lâm thời Cộng hòa miền Nam Việt Nam và Nhà nước Cộng hòa xã hội chủ nghĩa Việ']","Cộng hòa xã hội chủ nghĩa Việt Nam quy định rằng chuyển mục đích sử dụng đất là việc thay đổi từ mục đích sử dụng đất này sang mục đích sử dụng đất khác theo quy định của luật. Chuyển quyền sử dụng đất là việc chuyển giao quyền sử dụng đất từ người này sang người khác. Các quy định cụ thể về giao đất, cho thuê đất, và chuyển mục đích sử dụng đất được nêu trong các điều khoản của luật hiện hành.","Cộng hòa xã hội chủ nghĩa Việt Nam quy định rằng chuyển mục đích sử dụng đất là việc người sử dụng đất được thay đổi từ mục đích sử dụng đất này sang mục đích sử dụng đất khác theo quy định của Luật. Đồng thời, chuyển quyền sử dụng đất là việc chuyển giao quyền sử dụng đất từ người này sang người khác thông qua hình thức chuyển đổi, chuyển nhượng, thừa kế, tặng cho quyền sử dụng đất, hoặc góp vốn bằng quyền sử dụng đất.",1.0,0.6689536511038936,0.99999999995,0.5
Luật là gì trong việc đăng ký đất đai?,"['Điều 131. Nguyên tắc đăng ký đất đai, tài sản gắn liền với đất\n    1. Đăng ký đất đai là bắt buộc đối với người sử dụng đất và người được giao\nđất để quản lý.\n    2. Tài sản gắn liền với đất là nhà ở, công trình xây dựng được đăng ký theo yêu cầu của chủ s', ' tiết việc đăng ký đất đai, tài sản gắn liền với đất.\nĐiều 132. Đăng ký lần đầu\n    1. Đăng ký lần đầu đối với đất đai, tài sản gắn liền với đất được thực hiện trong các trường hợp sau đây:\n        a) Thửa đất đang sử dụng mà chưa đăng ký;\n        b) Thửa ', 'hức để truy cập, khai thác, chia sẻ, quản lý và cập nhật thông qua phương tiện điện tử.\n    15. Đăng ký đất đai, tài sản gắn liền với đất là việc người sử dụng đất, người sở hữu tài sản gắn liền với đất, người được giao quản lý đất kê khai quyền sử dụng đấ']",Luật quy định rằng việc đăng ký đất đai là bắt buộc đối với người sử dụng đất và người được giao đất để quản lý. Tài sản gắn liền với đất cũng phải được đăng ký theo yêu cầu của chủ sở hữu.,"Luật liên quan đến việc đăng ký đất đai quy định rằng người sử dụng đất, người sở hữu tài sản gắn liền với đất, và người được giao quản lý đất phải kê khai quyền sử dụng đất và quyền sở hữu tài sản gắn liền với đất với cơ quan nhà nước có thẩm quyền để được ghi nhận.",1.0,0.44194728642001513,0.9999999999666667,1.0
Nhà nước hỗ trợ gì khi thu hồi đất?,"['Điều 108. Hỗ trợ khi Nhà nước thu hồi đất\n    1. Hỗ trợ khi Nhà nước thu hồi đất bao gồm:\n        a) Hỗ trợ ổn định đời sống;\n        b) Hỗ trợ ổn định sản xuất, kinh doanh;\n        c) Hỗ trợ di dời vật nuôi;\n        d) Hỗ trợ đào tạo, chuyển đổi nghề và t', 'Điều 91. Nguyên tắc bồi thường, hỗ trợ, tái định cư khi Nhà nước thu hồi đất\n    1. Việc bồi thường, hỗ trợ, tái định cư khi Nhà nước thu hồi đất phải bảo đảm dân chủ, khách quan, công bằng, công khai, minh bạch, kịp thời và đúng quy định của pháp luật; vì', 'ng thiệt hại; chủ cơ sở sản xuất, kinh doanh phải ngừng sản xuất, kinh doanh do Nhà nước thu hồi đất thì được xem xét hỗ trợ.\n    4. Nhà nước có trách nhiệm hỗ trợ cho người có đất thu hồi, chủ sở hữu tài sản để tạo điều kiện cho người có đất thu hồi, chủ ']","Nhà nước hỗ trợ khi thu hồi đất bao gồm: hỗ trợ ổn định đời sống, hỗ trợ ổn định sản xuất, kinh doanh, hỗ trợ di dời vật nuôi, và hỗ trợ đào tạo, chuyển đổi nghề.","Nhà nước hỗ trợ khi thu hồi đất là chính sách nhằm trợ giúp cho người có đất thu hồi, chủ sở hữu tài sản gắn liền với đất để ổn định đời sống, sản xuất và phát triển ngoài các khoản đã bồi thường theo quy định của Luật này.",1.0,0.4970214609838715,0.9999999999666667,1.0
Nhà nước cho thuê quyền sử dụng đất là gì?,"['ấn đó cho phép.\n    32. Nhà nước cho thuê quyền sử dụng đất (sau đây gọi là Nhà nước cho thuê đất) là việc cơ quan nhà nước có thẩm quyền ban hành quyết định cho thuê đất cho đối tượng có nhu cầu sử dụng đất.\n    33. Nhà nước công nhận quyền sử dụng đất là', ' cho, cho thuê quyền sử dụng đất, thế chấp, góp vốn bằng quyền sử dụng đất.\nĐiều 33. Quyền và nghĩa vụ của tổ chức trong nước được Nhà nước giao đất có thu tiền sử dụng đất, cho thuê đất thu tiền thuê đất một lần cho cả thời gian thuê\n    1. Tổ chức kinh t', ' sở hữu của mình gắn liền với đất đối với trường hợp được Nhà nước cho thuê đất thu tiền thuê đất một lần cho cả thời gian thuê;\n        d) Tặng cho quyền sử dụng đất cho Nhà nước; tặng cho quyền sử dụng đất cho cộng đồng dân cư để xây dựng các công trình ']",Nhà nước cho thuê quyền sử dụng đất là việc cơ quan nhà nước có thẩm quyền ban hành quyết định cho thuê đất cho đối tượng có nhu cầu sử dụng đất.,Nhà nước cho thuê quyền sử dụng đất là việc cơ quan nhà nước có thẩm quyền ban hành quyết định cho thuê đất cho đối tượng có nhu cầu sử dụng đất.,1.0,0.5397936400160377,0.9999999999666667,1.0
What does Nhà nước mean in the context of land use rights?,"['đây gọi là Nhà nước giao đất) là việc cơ quan nhà nước có thẩm quyền ban hành quyết định giao đất cho đối tượng có nhu cầu sử dụng đất.\n    35. Nhà nước thu hồi đất là việc cơ quan nhà nước có thẩm quyền ban hành quyết định thu lại quyền sử dụng đất của ng', 'ấn đó cho phép.\n    32. Nhà nước cho thuê quyền sử dụng đất (sau đây gọi là Nhà nước cho thuê đất) là việc cơ quan nhà nước có thẩm quyền ban hành quyết định cho thuê đất cho đối tượng có nhu cầu sử dụng đất.\n    33. Nhà nước công nhận quyền sử dụng đất là', 'Điều 12. Sở hữu đất đai\nĐất đai thuộc sở hữu toàn dân do Nhà nước đại diện chủ sở hữu và thống nhất quản lý. Nhà nước trao quyền sử dụng đất cho người sử dụng đất theo quy định của Luật này.\nĐiều 13. Quyền của Nhà nước là đại diện chủ sở hữu về đất đai\n   ']","In the context of land use rights, ""Nhà nước"" refers to the state or government authority that has the power to manage land ownership and usage, including granting, leasing, and reclaiming land use rights.","Nhà nước refers to the state authority that issues decisions regarding land use rights, including leasing, recognizing, granting, and recovering land use rights.",1.0,0.9572414131589265,0.9999999999666667,1.0
What is the role of Nhà nước in land use payments in Vietnam?,"['đây gọi là Nhà nước giao đất) là việc cơ quan nhà nước có thẩm quyền ban hành quyết định giao đất cho đối tượng có nhu cầu sử dụng đất.\n    35. Nhà nước thu hồi đất là việc cơ quan nhà nước có thẩm quyền ban hành quyết định thu lại quyền sử dụng đất của ng', 'ận việc đòi lại đất đã được giao theo quy định của Nhà nước cho người khác sử dụng trong quá trình thực hiện chính sách đất đai của Nhà nước Việt Nam dân chủ cộng hòa, Chính phủ Cách mạng lâm thời Cộng hòa miền Nam Việt Nam và Nhà nước Cộng hòa xã hội chủ ', 'in điện tử của Ủy ban nhân dân cấp huyện;\n        b) Tổ chức lập, tổ chức thực hiện phương án thu hồi, bồi thường, hỗ trợ, tái\nđịnh cư theo quy định của Luật này để đấu giá quyền sử dụng đất;\n        c) Tổ chức lập, tổ chức thực hiện phương án đấu giá quyề']",The provided contexts do not contain specific information about the role of Nhà nước in land use payments in Vietnam.,"Nhà nước is responsible for collecting Tiền sử dụng đất, which is the amount that land users must pay when they are allocated land with a fee for land use, allowed to change the purpose of land use, or in cases where land use requires payment according to legal regulations. Additionally, Nhà nước collects Tiền thuê đất, which is the amount that land users must pay when they lease land from Nhà nước, allowing for changes in land use for leasing or in cases where land use requires payment for leasing according to legal regulations.",1.0,0.0,0.99999999995,1.0
Mục đích sử dụng là gì trong đất đai?,"[' đất đai là việc sử dụng các thông tin trong hoạt động quản lý, sử dụng đất đai, hoạt động giám sát để đánh giá việc thi hành pháp luật về đất đai; hiệu quả quản lý, sử dụng đất đai; tác động của chính sách, pháp luật về đất đai đến kinh tế, xã hội và môi ', 'giới trong quản lý, sử dụng đất đai.', 'là tranh chấp về quyền, nghĩa vụ của người sử dụng đất giữa hai hoặc nhiều bên trong quan hệ đất đai.\n    48. Vùng giá trị là khu vực các thửa đất liền kề nhau, có cùng mục đích sử dụng và có các yếu tố tương đồng về vị trí, khả năng sinh lợi, điều kiện kế']","Mục đích sử dụng trong đất đai là việc xác định cách thức và lý do mà đất đai được sử dụng, bao gồm các yếu tố như vị trí, khả năng sinh lợi và điều kiện kèm theo của các thửa đất.","Mục đích sử dụng là yếu tố xác định các thửa đất liền kề nhau có cùng mục đích sử dụng và các yếu tố tương đồng về vị trí, khả năng sinh lợi, điều kiện kết cấu hạ tầng và các yếu tố khác ảnh hưởng đến giá đất.",0.0,0.4350136613139302,0.3333333333,1.0
What types of organizations are defined under Luật Đầu tư in Vietnam?,"['luật.\n    46. Tổ chức kinh tế có vốn đầu tư nước ngoài là tổ chức kinh tế phải đáp ứng điều kiện và thực hiện thủ tục đầu tư quy định đối với nhà đầu tư nước ngoài theo quy định của Luật Đầu tư để thực hiện dự án có sử dụng đất.\n    47. Tranh chấp đất đai ', 'in điện tử của Ủy ban nhân dân cấp huyện;\n        b) Tổ chức lập, tổ chức thực hiện phương án thu hồi, bồi thường, hỗ trợ, tái\nđịnh cư theo quy định của Luật này để đấu giá quyền sử dụng đất;\n        c) Tổ chức lập, tổ chức thực hiện phương án đấu giá quyề', ' nghiệp, đơn vị sự nghiệp công lập và tổ chức khác theo quy định của pháp luật;\n        b) Tổ chức kinh tế theo quy định của Luật Đầu tư, trừ trường hợp quy định tại khoản 7 Điều này (sau đây gọi là tổ chức kinh tế);\n    2. Tổ chức tôn giáo, tổ chức tôn gi']","The types of organizations defined under Luật Đầu tư in Vietnam include economic organizations with foreign investment and other economic organizations as specified in the law, excluding certain exceptions.","Under Luật Đầu tư in Vietnam, the types of organizations defined include: 1. Domestic organizations such as state agencies, the Communist Party of Vietnam, armed forces units, the Vietnam Fatherland Front, political-social organizations, social organizations, public non-business units, and other organizations as prescribed by law; 2. Economic organizations as defined by Luật Đầu tư, except for cases specified in clause 7 of this article; 3. Religious organizations and their affiliated religious organizations; 4. Individuals within the country and Vietnamese citizens residing abroad; 5. Foreign organizations with diplomatic functions, including diplomatic missions, consular offices, and other foreign representative bodies recognized by the Government of Vietnam, as well as representatives of United Nations organizations and intergovernmental organizations.",0.3333333333333333,0.9999995959334638,0.3333333333,0.0
What are the principles of land use according to the Luật?,"['m công bố công khai mốc giới hành lang bảo vệ an toàn, khu vực, vành đai an toàn và chịu trách nhiệm chính về việc bảo vệ an toàn công trình, khu vực có hành lang bảo vệ an toàn; trường hợp đất thuộc hành lang bảo vệ an toàn, khu vực bảo vệ, vành đai an to', 'Điều 112. Nguyên tắc phát triển, quản lý và khai thác quỹ đất\nViệc phát triển, quản lý và khai thác quỹ đất phải theo quy hoạch sử dụng đất, kế hoạch sử dụng đất, sử dụng đất đúng mục đích, công khai, minh bạch, hợp lý, hiệu quả và theo quy định của pháp l', ' thiệt hại đối với cây trồng, vật nuôi thì việc bồi thường thực hiện theo quy định sau đây:\n    1. Đối với cây hằng năm, mức bồi thường được tính bằng giá trị sản lượng của vụ thu hoạch đối với cây trồng đó. Giá trị sản lượng của vụ thu hoạch được tính the']","The principles of land use according to the Luật include: following land use planning, using land for the correct purposes, ensuring transparency, reasonableness, efficiency, and compliance with legal regulations.","The principles of land use according to the Luật include: 1. Using land for its intended purpose. 2. Sustainable, economical, and effective use of land and surface resources. 3. Protecting land and the environment, adapting to climate change, and avoiding the misuse of pesticides and chemical fertilizers that cause pollution and land degradation. 4. Fulfilling the rights and obligations of land users within the duration specified by the law and related regulations, without infringing on the legal rights and interests of adjacent land users.",1.0,1.0000000000000002,0.49999999995,0.5
Chủ tịch Ủy ban nhân dân cấp xã có trách nhiệm gì đối với việc sử dụng đất nông nghiệp vào mục đích công ích tại Việt Nam?,"[' có vốn đầu tư nước ngoài; người đứng đầu của tổ chức nước ngoài có chức năng ngoại giao đối với việc sử dụng đất của tổ chức mình.\n    2. Chủ tịch Ủy ban nhân dân cấp xã đối với việc sử dụng đất nông nghiệp vào mục đích công ích; đất phi nông nghiệp đã gi', '    2. Chủ tịch Ủy ban nhân dân cấp xã, Chủ tịch Ủy ban nhân dân cấp huyện nơi không thành lập đơn vị hành chính cấp xã chịu trách nhiệm đối với việc quản lý đất sử dụng vào mục đích công cộng được giao quản lý, đất chưa giao, đất chưa cho thuê tại địa phư', 'hông quá 10 năm.\n    4. Quỹ đất nông nghiệp sử dụng vào mục đích công ích của xã, phường, thị trấn do Ủy ban nhân dân cấp xã nơi có đất quản lý, sử dụng theo quy hoạch, kế hoạch sử dụng đất đã được cơ quan có thẩm quyền phê duyệt.\nĐiều 180. Đất nông nghiệp']","Chủ tịch Ủy ban nhân dân cấp xã có trách nhiệm quản lý và sử dụng quỹ đất nông nghiệp vào mục đích công ích theo quy hoạch, kế hoạch sử dụng đất đã được cơ quan có thẩm quyền phê duyệt.","Chủ tịch Ủy ban nhân dân cấp xã có trách nhiệm đối với việc sử dụng đất nông nghiệp vào mục đích công ích, bao gồm đất phi nông nghiệp đã giao cho Ủy ban nhân dân cấp xã để sử dụng vào mục đích xây dựng trụ sở Ủy ban nhân dân, các công trình công cộng phục vụ hoạt động văn hóa, giáo dục, y tế, thể dục, thể thao, vui chơi, giải trí, chợ, nghĩa trang và công trình công cộng khác của xã, phường, thị trấn.",1.0,0.5612876507971083,0.9999999999666667,1.0
Người nào chịu trách nhiệm theo pháp luật về việc quản lý đất được giao?,"['sử dụng đất hoặc người đại diện cho nhóm người có chung quyền sử dụng đất đối với việc sử dụng đất đó.\nĐiều 7. Người chịu trách nhiệm trước Nhà nước đối với đất được giao quản lý\n    1. Người đại diện của tổ chức chịu trách nhiệm đối với việc quản lý đất t', ' pháp luật có liên quan; không xâm phạm quyền, lợi ích hợp pháp của người sử dụng đất liền kề và xung quanh.\nĐiều 6. Người chịu trách nhiệm trước Nhà nước đối với việc sử dụng đất\n    1. Người đại diện theo pháp luật của tổ chức trong nước, tổ chức kinh tế', 'ất không đúng pháp luật và hành vi vi phạm pháp luật đất đai khác của người sử dụng đất.\n    2. Người đứng đầu cơ quan có chức năng quản lý đất đai cấp tỉnh, cấp huyện có trách nhiệm kiểm tra, đôn đốc, hướng dẫn việc thi hành công vụ của cán bộ, công chức;']",Người đại diện của tổ chức chịu trách nhiệm đối với việc quản lý đất được giao.,"Người đại diện của tổ chức chịu trách nhiệm đối với việc quản lý đất trong các trường hợp như tổ chức trong nước được giao quản lý công trình công cộng, quản lý đất có mặt nước của các sông, quản lý quỹ đất đã thu hồi, và quản lý diện tích đất để thực hiện dự án đầu tư theo quy định của pháp luật.",1.0,0.6165556838931296,0.9999999999666667,1.0
Thể thao là gì trong quản lý đất đai?,"['giới trong quản lý, sử dụng đất đai.', ' đất đai là việc sử dụng các thông tin trong hoạt động quản lý, sử dụng đất đai, hoạt động giám sát để đánh giá việc thi hành pháp luật về đất đai; hiệu quả quản lý, sử dụng đất đai; tác động của chính sách, pháp luật về đất đai đến kinh tế, xã hội và môi ', 'n cấp xã trong việc quản lý đất đai tại địa phương.']","Không có thông tin nào trong các ngữ cảnh cung cấp về ""thể thao"" trong quản lý đất đai.","Trong quản lý đất đai, thể thao được phát triển như một phần của văn hóa, y tế, giáo dục và đào tạo, nhằm nâng cao giá trị của đất và phát triển các công trình liên quan.",1.0,0.0,0.0,0.0
Đất phi nông nghiệp là gì và bao gồm những loại nào?,"['ghiệp, gồm đất rừng đặc dụng, đất rừng phòng hộ, đất rừng sản xuất;\n        d) Đất nuôi trồng thủy sản;\nđ) Đất chăn nuôi tập trung;\n        e) Đất làm muối;\ng) Đất nông nghiệp khác.\n    3. Nhóm đất phi nông nghiệp bao gồm các loại đất sau đây:\n        a) Đ', 'g nghiệp, nhóm đất phi nông nghiệp, nhóm đất chưa sử dụng.\n    2. Nhóm đất nông nghiệp bao gồm các loại đất sau đây:\n        a) Đất trồng cây hằng năm, gồm đất trồng lúa và đất trồng cây hằng năm khác;\n        b) Đất trồng cây lâu năm;\n        c) Đất lâm n', 'phục vụ cho kinh doanh, thương mại, dịch vụ.\nĐất cơ sở sản xuất phi nông nghiệp bao gồm đất xây dựng các cơ sở sản xuất phi nông nghiệp nằm ngoài khu công nghiệp, cụm công nghiệp.\n    2. Việc sử dụng đất thương mại, dịch vụ, đất cơ sở sản xuất phi nông ngh']","Đất phi nông nghiệp là nhóm đất không phục vụ cho mục đích nông nghiệp. Các loại đất phi nông nghiệp bao gồm đất xây dựng cơ sở sản xuất phi nông nghiệp, đất thương mại, dịch vụ, và các loại đất khác không thuộc nhóm đất nông nghiệp. Tuy nhiên, thông tin cụ thể về các loại đất phi nông nghiệp không được cung cấp đầy đủ trong các ngữ cảnh.","Đất phi nông nghiệp là loại đất được sử dụng cho sản xuất và kinh doanh không liên quan đến nông nghiệp. Nó bao gồm các loại đất như đất khu công nghiệp, cụm công nghiệp, đất thương mại, dịch vụ, đất cơ sở sản xuất phi nông nghiệp, và đất sử dụng cho hoạt động khoáng sản.",0.6666666666666666,0.0,0.3333333333,0.0
"What are the responsibilities of the authorities regarding the issuance and correction of the Giấy chứng nhận quyền sử dụng đất, and how does this relate to the quy hoạch sử dụng đất quốc phòng?","['thu hồi đất, cho phép chuyển\nmục đích sử dụng đất, cấp Giấy chứng nhận quyền sử dụng đất, Giấy chứng nhận quyền sở hữu nhà ở và quyền sử dụng đất ở, Giấy chứng nhận quyền sở hữu nhà ở, Giấy chứng nhận quyền sở hữu công trình xây dựng, Giấy chứng nhận quyền', 'chủ yếu sau đây:\n    a) Định hướng sử dụng đất quốc phòng, đất an ninh;\n    b) Xác định nhu cầu sử dụng đất quốc phòng, đất an ninh trong kỳ quy hoạch sử dụng đất phù hợp với quy hoạch tổng thể quốc gia; nhiệm vụ quốc phòng, an ninh và kế hoạch phát triển ', 'sử dụng đất quốc phòng, an ninh.\n    3. Nội dung quy hoạch sử dụng đất quốc phòng, quy hoạch sử dụng đất an ninh thực hiện theo quy định của pháp luật về quy hoạch.\n    4. Bộ Quốc phòng, Bộ Công an chủ trì, phối hợp với Ủy ban nhân dân cấp tỉnh trong quá t']","The authorities are responsible for issuing and correcting the Giấy chứng nhận quyền sử dụng đất (land use rights certificates) and related documents. This process includes the management of land use changes and ensuring compliance with legal regulations. Additionally, the authorities must align the issuance of these certificates with the quy hoạch sử dụng đất quốc phòng (national defense land use planning) and quy hoạch sử dụng đất an ninh (security land use planning), as outlined in the regulations governing land use planning. The Bộ Quốc phòng (Ministry of Defense) and Bộ Công an (Ministry of Public Security) play key roles in coordinating these efforts with local government bodies.","The authorities responsible for issuing the Giấy chứng nhận quyền sử dụng đất must correct any errors in the certificates issued, such as inaccuracies in the information of the certificate holder or discrepancies regarding the land parcel and attached assets compared to the registered land records. Additionally, the planning for the use of land for national defense and security is structured into five-year cycles, which includes solutions and resources for implementing this planning. This indicates a systematic approach to managing land use in relation to national priorities.",0.7777777777777778,0.6702801232385663,0.9999999999666667,0.6666666666666666
"Làm thế nào để tuân thủ trình tự, thủ tục khi đính chính hoặc thu hồi Giấy chứng nhận quyền sử dụng đất?","['ều 148 và\nĐiều 149 của Luật này.\nĐiều 152. Đính chính, thu hồi, hủy giấy chứng nhận đã cấp\n    1. Cơ quan có thẩm quyền cấp Giấy chứng nhận quyền sử dụng đất, quyền sở hữu tài sản gắn liền với đất quy định tại Điều 136 của Luật này có trách nhiệm đính chín', ' ký đất đai, tài sản gắn liền với đất;\n        c) Thủ tục cấp Giấy chứng nhận quyền sử dụng đất, quyền sở hữu tài sản gắn liền với đất; thủ tục đính chính, thu hồi, hủy giấy chứng nhận đã cấp;\n        d) Thủ tục thực hiện các quyền của người sử dụng đất; đ', 'thu hồi đất, cho phép chuyển\nmục đích sử dụng đất, cấp Giấy chứng nhận quyền sử dụng đất, Giấy chứng nhận quyền sở hữu nhà ở và quyền sử dụng đất ở, Giấy chứng nhận quyền sở hữu nhà ở, Giấy chứng nhận quyền sở hữu công trình xây dựng, Giấy chứng nhận quyền']","Để tuân thủ trình tự, thủ tục khi đính chính hoặc thu hồi Giấy chứng nhận quyền sử dụng đất, cần thực hiện theo các quy định tại Điều 152 của Luật đất đai, bao gồm việc cơ quan có thẩm quyền thực hiện các bước đính chính, thu hồi hoặc hủy giấy chứng nhận đã cấp. Cụ thể, cần tuân theo các thủ tục được quy định trong luật liên quan đến việc cấp, đính chính, thu hồi giấy chứng nhận quyền sử dụng đất.","Để tuân thủ trình tự, thủ tục khi đính chính hoặc thu hồi Giấy chứng nhận quyền sử dụng đất, cơ quan có thẩm quyền cần thực hiện theo quy định tại Điều 136 của Luật này. Cụ thể, họ có trách nhiệm đính chính giấy chứng nhận đã cấp có sai sót trong các trường hợp như sai sót thông tin của người được cấp giấy chứng nhận hoặc sai sót thông tin về thửa đất, tài sản gắn liền với đất so với hồ sơ kê khai. Ngoài ra, nhà nước cũng có quyền thu hồi giấy chứng nhận đã cấp trong các trường hợp quy định, đảm bảo tuân thủ trình tự, thủ tục theo quy định của Luật.",1.0,0.4347617028539584,0.99999999995,1.0
What are the key components of the national defense land use planning and how does it relate to the issuance and correction of land use certificates?,"['m công bố công khai mốc giới hành lang bảo vệ an toàn, khu vực, vành đai an toàn và chịu trách nhiệm chính về việc bảo vệ an toàn công trình, khu vực có hành lang bảo vệ an toàn; trường hợp đất thuộc hành lang bảo vệ an toàn, khu vực bảo vệ, vành đai an to', 'chủ yếu sau đây:\n    a) Định hướng sử dụng đất quốc phòng, đất an ninh;\n    b) Xác định nhu cầu sử dụng đất quốc phòng, đất an ninh trong kỳ quy hoạch sử dụng đất phù hợp với quy hoạch tổng thể quốc gia; nhiệm vụ quốc phòng, an ninh và kế hoạch phát triển ', ' thiệt hại đối với cây trồng, vật nuôi thì việc bồi thường thực hiện theo quy định sau đây:\n    1. Đối với cây hằng năm, mức bồi thường được tính bằng giá trị sản lượng của vụ thu hoạch đối với cây trồng đó. Giá trị sản lượng của vụ thu hoạch được tính the']","The key components of national defense land use planning include the orientation of land use for national defense and security, as well as identifying the demand for such land in accordance with the national overall planning and development plans. However, the provided contexts do not contain information regarding the issuance and correction of land use certificates.","The key components of the national defense land use planning include the national master plan, national marine spatial planning, national land use planning, natural, economic, and social conditions of the country, the current status of land use, and the results of previous land use planning for national defense and security. Additionally, the issuance and correction of land use certificates are governed by regulations that require authorities to rectify any errors in the certificates issued, such as incorrect information about the certificate holder or the land parcel. The state also has the authority to revoke certificates under specific circumstances.",1.0,0.8179674182526755,0.0,0.0
Cơ quan nào có trách nhiệm đính chính giấy chứng nhận quyền sử dụng đất và điều kiện nào để tổ chức kinh tế nhận chuyển nhượng quyền sử dụng đất nông nghiệp?,"['ều 148 và\nĐiều 149 của Luật này.\nĐiều 152. Đính chính, thu hồi, hủy giấy chứng nhận đã cấp\n    1. Cơ quan có thẩm quyền cấp Giấy chứng nhận quyền sử dụng đất, quyền sở hữu tài sản gắn liền với đất quy định tại Điều 136 của Luật này có trách nhiệm đính chín', ' bằng quyền sử dụng đất.\n    6. Tổ chức kinh tế được nhận chuyển nhượng quyền sử dụng đất nông nghiệp phải có phương án sử dụng đất nông nghiệp được Ủy ban nhân dân cấp huyện chấp thuận. Phương án sử dụng đất nông nghiệp phải có các nội dung chính sau đây:', ' cao thì có các quyền và nghĩa vụ theo quy định của pháp luật về dân sự.\nĐiều 35. Quyền và nghĩa vụ của tổ chức kinh tế nhận chuyển nhượng quyền sử dụng đất, chuyển mục đích sử dụng đất\n    1. Tổ chức kinh tế nhận chuyển nhượng quyền sử dụng đất, chuyển mụ']","Cơ quan có trách nhiệm đính chính giấy chứng nhận quyền sử dụng đất là cơ quan có thẩm quyền cấp Giấy chứng nhận quyền sử dụng đất, quyền sở hữu tài sản gắn liền với đất. Điều kiện để tổ chức kinh tế nhận chuyển nhượng quyền sử dụng đất nông nghiệp là phải có phương án sử dụng đất nông nghiệp được Ủy ban nhân dân cấp huyện chấp thuận.","Cơ quan có thẩm quyền cấp Giấy chứng nhận quyền sử dụng đất, quyền sở hữu tài sản gắn liền với đất quy định tại Điều 136 của Luật này có trách nhiệm đính chính giấy chứng nhận đã cấp có sai sót. Để tổ chức kinh tế nhận chuyển nhượng quyền sử dụng đất nông nghiệp, họ phải có phương án sử dụng đất nông nghiệp được Ủy ban nhân dân cấp huyện chấp thuận, bao gồm các nội dung như địa điểm, diện tích, mục đích sử dụng đất, kế hoạch sản xuất, kinh doanh nông nghiệp, vốn đầu tư, thời hạn sử dụng đất, và tiến độ sử dụng đất.",0.75,0.5159780619229525,0.9999999999666667,1.0
What responsibilities does the Ủy ban nhân dân cấp tỉnh have regarding the Giấy chứng nhận quyền sử dụng đất?,"['g nhận quyền sử dụng đất, quyền sở hữu nhà ở và tài sản khác gắn liền với đất hoặc Giấy chứng nhận quyền sử dụng đất, quyền sở hữu tài sản gắn liền với đất phải tự rà soát, kê khai việc sử dụng đất và báo cáo Ủy ban nhân dân cấp tỉnh theo các nội dung sau ', 'ực thi hành thì phải bàn giao cho Ủy ban nhân dân cấp huyện nơi có đất để thực hiện việc cấp Giấy chứng nhận quyền sử dụng đất, quyền sở hữu tài sản gắn liền với đất cho\nngười sử dụng đất ở theo quy định của pháp luật; người sử dụng đất ở được cấp Giấy chứ', 'thu hồi đất, cho phép chuyển\nmục đích sử dụng đất, cấp Giấy chứng nhận quyền sử dụng đất, Giấy chứng nhận quyền sở hữu nhà ở và quyền sử dụng đất ở, Giấy chứng nhận quyền sở hữu nhà ở, Giấy chứng nhận quyền sở hữu công trình xây dựng, Giấy chứng nhận quyền']","The Ủy ban nhân dân cấp tỉnh is responsible for receiving reports on land use from individuals or entities, and it oversees the issuance of Giấy chứng nhận quyền sử dụng đất (land use rights certificates) and related property ownership documents.","The Ủy ban nhân dân cấp tỉnh is responsible for organizing the annual review, processing, and publicly announcing the recovery of land, changes in land use purposes, and adjustments or cancellations of land recovery and changes in land use purposes as recorded in the annual land use plan at the district level. This information is published on the electronic information page of the Ủy ban nhân dân cấp tỉnh and is sent to the Ministry of Natural Resources and Environment, as well as to the Ủy ban nhân dân cấp huyện and cấp xã.",0.3333333333333333,0.7852207759637098,0.8333333332916666,0.5
What are the principles governing the issuance of the Giấy chứng nhận quyền sử dụng đất and how do they relate to the Kế hoạch sử dụng đất?,"[' thiệt hại đối với cây trồng, vật nuôi thì việc bồi thường thực hiện theo quy định sau đây:\n    1. Đối với cây hằng năm, mức bồi thường được tính bằng giá trị sản lượng của vụ thu hoạch đối với cây trồng đó. Giá trị sản lượng của vụ thu hoạch được tính the', ' gắn liền với đất theo mẫu thống nhất trong cả nước.\n    2. Bộ trưởng Bộ Tài nguyên và Môi trường quy định về Giấy chứng nhận quyền sử dụng đất, quyền sở hữu tài sản gắn liền với đất.\nĐiều 135. Nguyên tắc cấp Giấy chứng nhận quyền sử dụng đất, quyền sở hữu', 'iểm có giấy tờ về quyền sử dụng đất, Giấy chứng nhận quyền sử dụng đất, Giấy chứng nhận quyền sở hữu nhà ở và quyền sử dụng đất ở, Giấy chứng nhận quyền sử dụng đất, quyền sở hữu nhà ở và tài sản khác gắn liền với đất, Giấy chứng nhận quyền sử dụng đất, qu']","The contexts provided do not contain specific information about the principles governing the issuance of the Giấy chứng nhận quyền sử dụng đất (Land Use Rights Certificate) or how they relate to the Kế hoạch sử dụng đất (Land Use Plan). Therefore, I cannot provide an answer based on the given information.","The issuance of the Giấy chứng nhận quyền sử dụng đất is governed by regulations that require the responsible authority to correct any errors in the certificate, as outlined in Article 152. This includes ensuring that the information matches the official records. Additionally, the Kế hoạch sử dụng đất must adhere to principles that ensure a balance between the needs of various sectors and the potential of the land, as stated in Article 60. This means that the planning of land use must consider the requirements for sustainable economic development while also ensuring that land use is efficient and effective.",0.3333333333333333,0.0,0.49999999995,0.0
Bộ trưởng Bộ Tài nguyên và Môi trường có vai trò gì trong việc bảo vệ môi trường và quyết định trưng dụng đất theo quy định của pháp luật?,"['hành chính hoặc khiếu nại đến Bộ trưởng Bộ Tài nguyên và Môi trường. Quyết định giải quyết của Bộ trưởng Bộ Tài nguyên và Môi trường có hiệu lực thi hành.\n    4. Chủ tịch Ủy ban nhân dân cấp huyện, Chủ tịch Ủy ban nhân dân cấp tỉnh, Bộ trưởng Bộ Tài nguyên', 'i trường có trách nhiệm giúp Hội đồng thẩm định trong quá trình thẩm định kế hoạch sử dụng đất quốc gia;\n        c) Bộ trưởng Bộ Tài nguyên và Môi trường thành lập Hội đồng thẩm định quy hoạch sử dụng đất cấp tỉnh và giao đơn vị thuộc Bộ Tài nguyên và Môi ', '   8. Bộ trưởng Bộ Tài nguyên và Môi trường quy định chi tiết việc thống kê, kiểm kê đất đai và lập bản đồ hiện trạng sử dụng đất.\n    9. Kinh phí thực hiện thống kê, kiểm kê đất đai do ngân sách nhà nước bảo\nđảm và được bố trí theo quy định của pháp luật.']","Bộ trưởng Bộ Tài nguyên và Môi trường có vai trò trong việc giải quyết khiếu nại liên quan đến tài nguyên và môi trường, thành lập Hội đồng thẩm định quy hoạch sử dụng đất, và quy định chi tiết về thống kê, kiểm kê đất đai cũng như lập bản đồ hiện trạng sử dụng đất. Các quyết định của Bộ trưởng có hiệu lực thi hành và kinh phí cho các hoạt động này được đảm bảo từ ngân sách nhà nước.","Bộ trưởng Bộ Tài nguyên và Môi trường có thẩm quyền quyết định trưng dụng đất và gia hạn trưng dụng đất, đồng thời phải đảm bảo việc sử dụng đất đúng mục đích, bền vững và bảo vệ môi trường. Điều này bao gồm việc không lạm dụng thuốc bảo vệ thực vật và phân hóa học để tránh ô nhiễm và thoái hóa đất, nhằm thích ứng với biến đổi khí hậu.",0.8333333333333334,0.4647555305926776,0.9999999999666667,0.5
"Giấy chứng nhận quyền sử dụng đất có liên quan gì đến diện tích đất được cấp cho hộ gia đình, cá nhân?","['eo hình thức và thời hạn sử dụng đất tương ứng với mục đích đó như đối với hộ gia đình, cá nhân.\nĐiều 146. Cấp Giấy chứng nhận quyền sử dụng đất, quyền sở hữu tài sản gắn liền với đất đối với trường hợp thửa đất có diện tích nhỏ hơn diện tích tối thiểu\n   ', 'n liền với đất hoặc xác nhận thay đổi vào giấy chứng nhận đã cấp.\nĐiều 137. Cấp Giấy chứng nhận quyền sử dụng đất, quyền sở hữu tài sản gắn liền với đất đối với hộ gia đình, cá nhân, cộng đồng dân cư đang sử dụng đất có giấy tờ về quyền sử dụng đất\n    1. ', ' dụng đất, quyền sở hữu tài sản gắn liền với đất được cấp cho cơ quan, tổ chức, cộng đồng dân cư, hộ gia đình, cá nhân đó;\n    2. Trường hợp có nhiều người sử dụng đất, có nhiều loại đất khác nhau thì cấp Giấy chứng nhận quyền sử dụng đất, quyền sở hữu tài']","Giấy chứng nhận quyền sử dụng đất liên quan đến diện tích đất được cấp cho hộ gia đình, cá nhân thông qua việc xác định hình thức và thời hạn sử dụng đất tương ứng với mục đích sử dụng. Nếu thửa đất có diện tích nhỏ hơn diện tích tối thiểu, cũng có quy định về việc cấp giấy chứng nhận.","Giấy chứng nhận quyền sử dụng đất được cấp cho hộ gia đình, cá nhân đang sử dụng đất nông nghiệp do tự khai hoang, không có tranh chấp, theo hạn mức giao đất nông nghiệp do Ủy ban nhân dân cấp tỉnh quy định. Nếu diện tích đất vượt hạn mức này, thì phần diện tích vượt phải chuyển sang thuê đất của Nhà nước.",1.0,0.42016046663573264,0.9999999999666667,1.0
What are the conditions for land recovery for national defense purposes and how does it relate to the issuance of land use certificates?,"[' thiệt hại đối với cây trồng, vật nuôi thì việc bồi thường thực hiện theo quy định sau đây:\n    1. Đối với cây hằng năm, mức bồi thường được tính bằng giá trị sản lượng của vụ thu hoạch đối với cây trồng đó. Giá trị sản lượng của vụ thu hoạch được tính the', 'Điều 95. Điều kiện được bồi thường về đất khi Nhà nước thu hồi đất vì mục đích quốc phòng, an ninh; phát triển kinh tế - xã hội vì lợi ích quốc gia, công cộng\n    1. Các trường hợp được bồi thường về đất khi Nhà nước thu hồi đất vì mục đích quốc phòng, an ', 'm công bố công khai mốc giới hành lang bảo vệ an toàn, khu vực, vành đai an toàn và chịu trách nhiệm chính về việc bảo vệ an toàn công trình, khu vực có hành lang bảo vệ an toàn; trường hợp đất thuộc hành lang bảo vệ an toàn, khu vực bảo vệ, vành đai an to']",The contexts provided do not contain sufficient information to answer the question about the conditions for land recovery for national defense purposes and its relation to the issuance of land use certificates.,"The conditions for land recovery for national defense purposes include the completion of compensation, support, and resettlement plans as stipulated by law. Additionally, land recovery must comply with regulations regarding the management and allocation of land for investment. The issuance of land use certificates is also subject to regulations, and authorities are responsible for correcting any errors in these certificates, particularly when discrepancies arise in the information about the land or the certificate holder.",0.0,0.0,0.49999999995,0.0
Giấy chứng nhận quyền sử dụng đất có thể bị thu hồi trong trường hợp nào theo Luật Đất đai số 45/2013/QH13?,"[' đã cấp trong các trường hợp sau đây:\n        a) Nhà nước thu hồi toàn bộ diện tích đất ghi trong Giấy chứng nhận quyền sử dụng đất, Giấy chứng nhận quyền sở hữu nhà ở và quyền sử dụng đất ở, Giấy chứng nhận quyền sở hữu nhà ở, Giấy chứng nhận quyền sở hữu', 'thu hồi đất, cho phép chuyển\nmục đích sử dụng đất, cấp Giấy chứng nhận quyền sử dụng đất, Giấy chứng nhận quyền sở hữu nhà ở và quyền sử dụng đất ở, Giấy chứng nhận quyền sở hữu nhà ở, Giấy chứng nhận quyền sở hữu công trình xây dựng, Giấy chứng nhận quyền', 'hác gắn liền với đất thì tiếp tục giải quyết thủ tục theo quy định của Luật Đất đai số 45/2013/QH13 và các văn bản quy định chi tiết, hướng dẫn thi hành; thẩm quyền cấp Giấy chứng nhận quyền sử dụng đất, quyền sở hữu tài sản gắn liền với đất thực hiện theo']",Giấy chứng nhận quyền sử dụng đất có thể bị thu hồi trong trường hợp Nhà nước thu hồi toàn bộ diện tích đất ghi trong Giấy chứng nhận.,"Giấy chứng nhận quyền sử dụng đất có thể bị thu hồi trong các trường hợp như có sai sót thông tin của người được cấp giấy chứng nhận so với thông tin tại thời điểm đính chính, hoặc có sai sót thông tin về thửa đất, tài sản gắn liền với đất so với hồ sơ kê khai đăng ký đất đai. Ngoài ra, nếu Nhà nước có chủ trương đầu tư nâng cấp, mở rộng mà làm thay đổi quy hoạch xây dựng, thì việc quản lý, sử dụng đất cũng sẽ thực hiện theo quy định của Luật Đất đai số 45/2013/QH13.",1.0,0.43006731605025417,0.9999999999,0.0
Làm thế nào để quản lý đất đai và đính chính giấy chứng nhận quyền sử dụng đất trong trường hợp có sai sót thông tin?,"['ều 148 và\nĐiều 149 của Luật này.\nĐiều 152. Đính chính, thu hồi, hủy giấy chứng nhận đã cấp\n    1. Cơ quan có thẩm quyền cấp Giấy chứng nhận quyền sử dụng đất, quyền sở hữu tài sản gắn liền với đất quy định tại Điều 136 của Luật này có trách nhiệm đính chín', '\n    12. Đăng ký đất đai, lập và quản lý hồ sơ địa chính; cấp, đính chính, thu hồi, hủy giấy chứng nhận.\n    13. Thống kê, kiểm kê đất đai.\n    14. Xây dựng, quản lý, vận hành, khai thác Hệ thống thông tin quốc gia về đất đai.\n    15. Quản lý, giám sát việ', 'h giấy chứng nhận đã cấp có sai sót trong các trường hợp sau đây:\n        a) Có sai sót thông tin của người được cấp giấy chứng nhận so với thông tin tại thời điểm đính chính;\n        b) Có sai sót thông tin về thửa đất, tài sản gắn liền với đất so với hồ ']","Để quản lý đất đai và đính chính giấy chứng nhận quyền sử dụng đất trong trường hợp có sai sót thông tin, cơ quan có thẩm quyền cần thực hiện các bước sau:

1. **Đăng ký đất đai**: Lập và quản lý hồ sơ địa chính để theo dõi thông tin liên quan đến quyền sử dụng đất.
2. **Đính chính giấy chứng nhận**: Khi phát hiện sai sót, cơ quan có thẩm quyền sẽ tiến hành đính chính thông tin sai sót về người được cấp giấy chứng nhận hoặc thông tin về thửa đất, tài sản gắn liền với đất.
3. **Cấp, thu hồi, hủy giấy chứng nhận**: Nếu cần thiết, cơ quan có thể thu hồi hoặc hủy giấy chứng nhận đã cấp để cấp lại giấy chứng nhận mới với thông tin chính xác.

Các quy định cụ thể về quy trình này được nêu trong các điều của Luật đất đai.","Để quản lý đất đai và đính chính giấy chứng nhận quyền sử dụng đất trong trường hợp có sai sót thông tin, cơ quan có thẩm quyền cấp Giấy chứng nhận quyền sử dụng đất có trách nhiệm đính chính giấy chứng nhận đã cấp có sai sót. Các sai sót có thể liên quan đến thông tin của người được cấp giấy chứng nhận hoặc thông tin về thửa đất và tài sản gắn liền với đất so với hồ sơ kê khai đăng ký đất đai. Ngoài ra, việc công bố kịp thời và công khai thông tin thuộc Hệ thống thông tin quốc gia về đất đai cũng là một phần quan trọng trong quản lý đất đai, nhằm đảm bảo quyền lợi hợp pháp của người sử dụng đất.",0.6,0.57028151488183,0.9999999999666667,0.6666666666666666
Cơ quan có thẩm quyền nào có trách nhiệm đính chính giấy chứng nhận quyền sử dụng đất và thu hồi giấy chứng nhận đã cấp theo quy định của Luật này?,"['ều 148 và\nĐiều 149 của Luật này.\nĐiều 152. Đính chính, thu hồi, hủy giấy chứng nhận đã cấp\n    1. Cơ quan có thẩm quyền cấp Giấy chứng nhận quyền sử dụng đất, quyền sở hữu tài sản gắn liền với đất quy định tại Điều 136 của Luật này có trách nhiệm đính chín', 'chứng nhận quyền sử dụng đất, quyền sở hữu tài sản gắn liền với đất có trách nhiệm kiểm tra, xem xét, quyết định thu hồi giấy chứng nhận đã cấp không đúng quy định của pháp luật về đất đai;\nđ) Cơ quan có thẩm quyền thu hồi giấy chứng nhận đã cấp quy định t', 'đất, tài sản gắn liền với đất đã được cấp giấy chứng nhận mà không thu hồi được giấy chứng nhận đã cấp thì cơ quan thi hành án có trách nhiệm đề nghị cơ quan có thẩm quyền thực hiện thu hồi hoặc hủy giấy chứng nhận đã cấp và cấp Giấy chứng nhận quyền sử dụ']","Cơ quan có thẩm quyền cấp Giấy chứng nhận quyền sử dụng đất, quyền sở hữu tài sản gắn liền với đất quy định tại Điều 136 của Luật này có trách nhiệm đính chính và thu hồi giấy chứng nhận đã cấp.","Cơ quan có thẩm quyền cấp Giấy chứng nhận quyền sử dụng đất, quyền sở hữu tài sản gắn liền với đất quy định tại Điều 136 của Luật này có trách nhiệm đính chính giấy chứng nhận đã cấp có sai sót. Nhà nước cũng thu hồi giấy chứng nhận đã cấp trong các trường hợp quy định tại Điều 152 của Luật này.",1.0,0.5106384802130807,0.9999999999666667,1.0
Làm thế nào mà quy hoạch sử dụng đất cấp huyện ảnh hưởng đến việc cấp Giấy chứng nhận quyền sử dụng đất cho hộ gia đình?,"['n liền với đất hoặc xác nhận thay đổi vào giấy chứng nhận đã cấp.\nĐiều 137. Cấp Giấy chứng nhận quyền sử dụng đất, quyền sở hữu tài sản gắn liền với đất đối với hộ gia đình, cá nhân, cộng đồng dân cư đang sử dụng đất có giấy tờ về quyền sử dụng đất\n    1. ', 'ực thi hành thì phải bàn giao cho Ủy ban nhân dân cấp huyện nơi có đất để thực hiện việc cấp Giấy chứng nhận quyền sử dụng đất, quyền sở hữu tài sản gắn liền với đất cho\nngười sử dụng đất ở theo quy định của pháp luật; người sử dụng đất ở được cấp Giấy chứ', 'n có chung quyền sử dụng đất của hộ gia đình có nhu cầu thì cấp một Giấy chứng nhận quyền sử dụng đất, quyền sở hữu tài sản gắn liền với đất ghi tên đại diện hộ gia đình trên Giấy chứng nhận quyền sử dụng đất, quyền sở hữu tài sản gắn liền với đất và trao ']","Thông tin trong các ngữ cảnh không đề cập đến cách quy hoạch sử dụng đất cấp huyện ảnh hưởng đến việc cấp Giấy chứng nhận quyền sử dụng đất cho hộ gia đình. Do đó, không có đủ thông tin để trả lời câu hỏi.","Quy hoạch sử dụng đất cấp huyện ảnh hưởng đến việc cấp Giấy chứng nhận quyền sử dụng đất cho hộ gia đình thông qua các căn cứ lập quy hoạch, bao gồm quy hoạch tỉnh, quy hoạch sử dụng đất cấp tỉnh, và hiện trạng sử dụng đất. Nếu hộ gia đình đang sử dụng đất nông nghiệp do tự khai hoang và không có tranh chấp, họ có thể được cấp Giấy chứng nhận quyền sử dụng đất theo hạn mức giao đất nông nghiệp do Ủy ban nhân dân cấp tỉnh quy định. Tuy nhiên, nếu có vi phạm pháp luật đất đai, Nhà nước sẽ không cấp Giấy chứng nhận này.",1.0,0.0,0.9999999999666667,1.0
Giấy chứng nhận quyền sử dụng đất có thể bị thu hồi trong những trường hợp nào liên quan đến kế hoạch sử dụng đất?,"[' đã cấp trong các trường hợp sau đây:\n        a) Nhà nước thu hồi toàn bộ diện tích đất ghi trong Giấy chứng nhận quyền sử dụng đất, Giấy chứng nhận quyền sở hữu nhà ở và quyền sử dụng đất ở, Giấy chứng nhận quyền sở hữu nhà ở, Giấy chứng nhận quyền sở hữu', 'khác của pháp luật có liên quan.\n    5. Việc thu hồi Giấy chứng nhận quyền sử dụng đất, Giấy chứng nhận quyền sở hữu nhà ở và quyền sử dụng đất ở, Giấy chứng nhận quyền sở hữu nhà ở, Giấy chứng nhận quyền sở hữu công trình xây dựng, Giấy chứng nhận quyền s', 'thu hồi đất, cho phép chuyển\nmục đích sử dụng đất, cấp Giấy chứng nhận quyền sử dụng đất, Giấy chứng nhận quyền sở hữu nhà ở và quyền sử dụng đất ở, Giấy chứng nhận quyền sở hữu nhà ở, Giấy chứng nhận quyền sở hữu công trình xây dựng, Giấy chứng nhận quyền']","Giấy chứng nhận quyền sử dụng đất có thể bị thu hồi trong trường hợp Nhà nước thu hồi toàn bộ diện tích đất ghi trong Giấy chứng nhận, theo các quy định của pháp luật liên quan đến kế hoạch sử dụng đất.","Giấy chứng nhận quyền sử dụng đất có thể bị thu hồi trong các trường hợp quy định tại Điều 152 của Luật này, bao gồm các sai sót thông tin của người được cấp giấy chứng nhận hoặc thông tin về thửa đất, tài sản gắn liền với đất so với hồ sơ kê khai đăng ký. Liên quan đến kế hoạch sử dụng đất, khả năng đầu tư và huy động nguồn lực để thực hiện kế hoạch cũng là một yếu tố quan trọng trong việc xác định các công trình, dự án ưu tiên trong kế hoạch sử dụng đất hằng năm cấp huyện.",0.5,0.4813895027777937,0.9999999999,0.0
"What are the principles of land use as outlined in the regulations, and how do they relate to the issuance and potential revocation of the Giấy chứng nhận quyền sử dụng đất?","['thu hồi đất, cho phép chuyển\nmục đích sử dụng đất, cấp Giấy chứng nhận quyền sử dụng đất, Giấy chứng nhận quyền sở hữu nhà ở và quyền sử dụng đất ở, Giấy chứng nhận quyền sở hữu nhà ở, Giấy chứng nhận quyền sở hữu công trình xây dựng, Giấy chứng nhận quyền', 'ác định tại các loại giấy tờ quy định tại Điều 10 của Luật này;\n        b) Không làm mất đi điều kiện cần thiết để trở lại sử dụng đất vào mục đích chính;\n        c) Không ảnh hưởng đến quốc phòng, an ninh;\n        d) Hạn chế ảnh hưởng đến bảo tồn hệ sinh ', 'iểm có giấy tờ về quyền sử dụng đất, Giấy chứng nhận quyền sử dụng đất, Giấy chứng nhận quyền sở hữu nhà ở và quyền sử dụng đất ở, Giấy chứng nhận quyền sử dụng đất, quyền sở hữu nhà ở và tài sản khác gắn liền với đất, Giấy chứng nhận quyền sử dụng đất, qu']","The principles of land use outlined in the regulations include ensuring that land use changes do not eliminate the necessary conditions for returning to the primary use, do not affect national defense and security, and minimize impacts on the preservation of ecosystems. These principles relate to the issuance and potential revocation of the Giấy chứng nhận quyền sử dụng đất (land use rights certificate) by ensuring that any changes in land use comply with legal requirements and do not compromise essential conditions or public interests.","The principles of land use, as outlined in the regulations, include using land for its intended purpose, ensuring sustainable and efficient use of land and resources, protecting the environment, and adhering to the rights and obligations of land users. These principles are crucial in the context of the Giấy chứng nhận quyền sử dụng đất, as the authorities responsible for issuing this certificate must ensure that the information is accurate and that the land is used according to these principles. If there are violations, such as misuse of land or failure to comply with legal obligations, the state has the authority to revoke the issued certificate.",0.6,0.8105799534843398,0.0,0.0
"What are the principles of land statistics and inventory, and how do they relate to the management of land assets in accordance with the law?","[' thiệt hại đối với cây trồng, vật nuôi thì việc bồi thường thực hiện theo quy định sau đây:\n    1. Đối với cây hằng năm, mức bồi thường được tính bằng giá trị sản lượng của vụ thu hoạch đối với cây trồng đó. Giá trị sản lượng của vụ thu hoạch được tính the', 'Điều 112. Nguyên tắc phát triển, quản lý và khai thác quỹ đất\nViệc phát triển, quản lý và khai thác quỹ đất phải theo quy hoạch sử dụng đất, kế hoạch sử dụng đất, sử dụng đất đúng mục đích, công khai, minh bạch, hợp lý, hiệu quả và theo quy định của pháp l', 'm công bố công khai mốc giới hành lang bảo vệ an toàn, khu vực, vành đai an toàn và chịu trách nhiệm chính về việc bảo vệ an toàn công trình, khu vực có hành lang bảo vệ an toàn; trường hợp đất thuộc hành lang bảo vệ an toàn, khu vực bảo vệ, vành đai an to']","The provided contexts do not contain information regarding the principles of land statistics and inventory or their relation to the management of land assets in accordance with the law. Therefore, I cannot answer the question based on the given information.","The principles of land statistics and inventory, as outlined in Article 56, emphasize honesty, objectivity, accuracy, timeliness, and a comprehensive reflection of the current state and structure of land use. They also stress the importance of transparency, independence in professional practices, and consistency in statistical methods. These principles ensure that the management of land assets, as mentioned in Article 152, is conducted accurately and responsibly, allowing for the proper correction and retrieval of land use certificates when discrepancies arise.",1.0,0.0,0.0,0.0
Tài sản gắn liền với đất có bị thu hồi giấy chứng nhận không và điều kiện nào để Nhà nước giao đất cho cá nhân?,"[' tài sản gắn liền với đất\n    1. Giấy chứng nhận quyền sử dụng đất, quyền sở hữu tài sản gắn liền với đất được cấp theo từng thửa đất cho người có quyền sử dụng đất, chủ sở hữu tài sản gắn liền với đất có nhu cầu và đủ điều kiện theo quy định của Luật này.', 'đất, tài sản gắn liền với đất đã được cấp giấy chứng nhận mà không thu hồi được giấy chứng nhận đã cấp thì cơ quan thi hành án có trách nhiệm đề nghị cơ quan có thẩm quyền thực hiện thu hồi hoặc hủy giấy chứng nhận đã cấp và cấp Giấy chứng nhận quyền sử dụ', 'a hạng mục công trình đó.\nĐiều 150. Cấp Giấy chứng nhận quyền sử dụng đất, quyền sở hữu tài sản gắn liền với đất đối với trường hợp Nhà nước đã có quyết định quản lý đối với đất đai, tài sản gắn liền với đất nhưng chưa thực hiện\nHộ gia đình, cá nhân đang s']",Tài sản gắn liền với đất có thể bị thu hồi giấy chứng nhận nếu không thu hồi được giấy chứng nhận đã cấp. Nhà nước giao đất cho cá nhân khi họ có quyền sử dụng đất và đủ điều kiện theo quy định của pháp luật.,"Tài sản gắn liền với đất không thuộc trường hợp quy định tại Điều 148 và Điều 149 của Luật này, nhưng giấy chứng nhận quyền sử dụng đất có thể bị thu hồi trong các trường hợp mà Nhà nước quy định. Để Nhà nước giao đất cho cá nhân, cá nhân đó phải thuộc đối tượng được Nhà nước giao đất, cho thuê đất theo quy định tại Điều 119 và Điều 120 của Luật này, và phải bảo đảm các điều kiện quy định tại Điều 122 của Luật này đối với trường hợp giao đất, cho thuê đất để thực hiện dự án đầu tư.",0.75,0.37474249362533313,0.9999999999666667,1.0
What are the conditions under which land can be reclaimed for national defense and security according to Điều 84?,"['quyền phê duyệt chủ trương đầu tư của Quốc hội, Thủ tướng Chính phủ;\n        d) Có văn bản của cơ quan nhà nước có thẩm quyền quy định tại Điều 84 của Luật này trong trường hợp thu hồi đất liên quan đến quốc phòng, an ninh.\n    2. Trường hợp dự án quy định', 'ản công thuộc các trường hợp thu hồi đất theo quy định của Luật này thì không phải thực hiện việc sắp xếp lại, xử lý tài sản công theo quy định của pháp luật về quản lý, sử dụng tài sản công.\nĐiều 84. Trường hợp thu hồi đất liên quan đến quốc phòng, an nin', 'khoản 31 của Điều này thì Quốc hội sửa đổi, bổ sung các trường hợp thu hồi đất của Điều này theo trình tự, thủ tục rút gọn.\nĐiều 80. Căn cứ, điều kiện thu hồi đất vì mục đích quốc phòng, an ninh; phát triển kinh tế - xã hội vì lợi ích quốc gia, công cộng\n ']",The conditions for land reclamation for national defense and security according to Điều 84 include having a written document from the competent state authority as specified in the law.,"According to Điều 84, land can be reclaimed for national defense and security if it is included in the national defense land use planning or security land use planning. This land is to be transferred to local authorities for the implementation of socio-economic development projects that benefit the nation and the public.",0.6666666666666666,0.9653127108914119,0.8333333332916666,0.0
Điều 118 là gì trong quy định về sử dụng đất?,"[' liền với đất; trường hợp sử dụng đất không có giấy tờ quy định tại Điều 137 của Luật này thì thực hiện theo hình thức sử dụng đất quy định tại các điều 118, 119 và 120 của Luật này.\nĐối với tổ chức đang sử dụng đất thuộc trường hợp Nhà nước cho thuê đất q', 'hực hiện xong việc bồi thường, hỗ trợ, tái định cư theo quy định của pháp luật, trừ trường hợp được chuyển nhượng dự án bất động sản theo quy định của pháp luật về kinh doanh bất động sản.\nĐiều 118. Giao đất không thu tiền sử dụng đất\n    1. Cá nhân trực t', '   5. Hộ gia đình, cá nhân thuộc đối tượng được giao đất nông nghiệp theo quy định tại khoản 1 Điều 118 của Luật này đã sử dụng đất ở, đất phi nông nghiệp trước ngày 01 tháng 7 năm 2014 mà không có các giấy tờ quy định tại Điều 137 của Luật này, có đăng ký']","Điều 118 quy định về việc giao đất không thu tiền sử dụng đất, áp dụng cho cá nhân và hộ gia đình trong các trường hợp nhất định.","Điều 118 quy định về hình thức sử dụng đất trong trường hợp tổ chức không có giấy tờ quy định tại Điều 137 của Luật này. Cụ thể, nếu tổ chức đang sử dụng đất mà không có giấy tờ hợp lệ, thì việc sử dụng đất sẽ được thực hiện theo các hình thức quy định tại Điều 118, 119 và 120 của Luật này.",1.0,0.5934454454439196,0.9999999999666667,1.0
Điều 94 nói về cái gì liên quan đến bồi thường và hỗ trợ khi thu hồi đất?,"['Điều 91. Nguyên tắc bồi thường, hỗ trợ, tái định cư khi Nhà nước thu hồi đất\n    1. Việc bồi thường, hỗ trợ, tái định cư khi Nhà nước thu hồi đất phải bảo đảm dân chủ, khách quan, công bằng, công khai, minh bạch, kịp thời và đúng quy định của pháp luật; vì', 'Điều 95. Điều kiện được bồi thường về đất khi Nhà nước thu hồi đất vì mục đích quốc phòng, an ninh; phát triển kinh tế - xã hội vì lợi ích quốc gia, công cộng\n    1. Các trường hợp được bồi thường về đất khi Nhà nước thu hồi đất vì mục đích quốc phòng, an ', 'thu hồi đất, nếu có đủ điều kiện được bồi thường quy định tại Điều 95 của Luật này thì được bồi thường về đất.\n    5. Chính phủ quy định chi tiết Điều này.\nĐiều 101. Trường hợp không được bồi thường về đất khi Nhà nước thu hồi đất\n    1. Các trường hợp quy']",Không có thông tin về Điều 94 trong các ngữ cảnh đã cung cấp.,"Điều 94 quy định về kinh phí và chi trả tiền bồi thường, hỗ trợ, tái định cư khi Nhà nước thu hồi đất. Điều này liên quan đến việc đảm bảo rằng các tổ chức và cá nhân bị ảnh hưởng bởi việc thu hồi đất sẽ nhận được sự bồi thường và hỗ trợ thích hợp.",1.0,0.0,0.0,0.0
Quyền và nghĩa vụ của cộng đồng dân cư sử dụng đất theo Điều 39 là gì?,"[' vụ quy định tại khoản 1 Điều 37 của Luật này;\n        b) Trường hợp được Nhà nước cho thuê đất thu tiền thuê đất hằng năm thì có quyền và nghĩa vụ quy định tại khoản 2 Điều 37 của Luật này.\nĐiều 39. Quyền và nghĩa vụ của cộng đồng dân cư sử dụng đất\n    1', '. Cộng đồng dân cư sử dụng đất có quyền và nghĩa vụ chung quy định tại\nĐiều 26 và Điều 31 của Luật này.\n    2. Cộng đồng dân cư sử dụng đất có quyền và nghĩa vụ như quyền và nghĩa vụ của cá nhân có hình thức sử dụng đất tương ứng, trừ quyền để thừa kế.\nTrư', 'Mục 3\nQUYỀN VÀ NGHĨA VỤ CỦA CÁ NHÂN, CỘNG ĐỒNG DÂN CƯ SỬ DỤNG ĐẤT']","Quyền và nghĩa vụ của cộng đồng dân cư sử dụng đất theo Điều 39 bao gồm quyền và nghĩa vụ chung quy định tại Điều 26 và Điều 31 của Luật, và quyền và nghĩa vụ tương tự như của cá nhân có hình thức sử dụng đất tương ứng, trừ quyền thừa kế.","Theo Điều 39, cộng đồng dân cư sử dụng đất có quyền và nghĩa vụ chung quy định tại Điều 26 và Điều 31 của Luật này. Họ cũng có quyền và nghĩa vụ tương tự như quyền và nghĩa vụ của cá nhân có hình thức sử dụng đất tương ứng, trừ quyền để thừa kế.",1.0,0.5896908247220883,0.9999999999666667,1.0
What authority does Điều 236 grant in resolving land disputes involving documents specified in Điều 137?,"['hân dân cấp huyện thì không thực hiện quy định tại khoản 2 Điều này. Thẩm quyền giải quyết tranh chấp đất đai được thực hiện theo quy định tại Điều 236 của Luật này.\nĐiều 236. Thẩm quyền giải quyết tranh chấp đất đai\n    1. Tranh chấp đất đai mà các bên tr', 'n tích đất của tổ chức có giấy tờ quy định tại Điều 137 của Luật này đang sử dụng đúng mục đích thì cơ quan nhà nước có thẩm quyền xác định hình thức sử dụng đất theo quy định của pháp luật và cấp Giấy chứng nhận quyền sử dụng đất, quyền sở hữu tài sản gắn', 'hi cơ quan nhà nước có thẩm quyền giải quyết tranh chấp đất đai quy định tại Điều 236 của Luật này, các bên tranh chấp phải thực hiện hòa giải tại Ủy ban nhân dân cấp xã nơi có đất tranh chấp. Việc hòa giải tranh chấp đất đai tại Ủy ban nhân dân cấp xã nơi']","Điều 236 grants the authority to resolve land disputes to the relevant state agencies, and it requires the parties involved in the dispute to undergo mediation at the People's Committee of the commune where the disputed land is located.",Điều 236 grants the authority to resolve land disputes to the court when the parties involved have land use certificates or other relevant documents as specified in Điều 137 of the law.,1.0,0.8359062698600646,0.99999999995,0.0
"Điều 136 nói về thẩm quyền cấp Giấy chứng nhận quyền sử dụng đất, vậy ai là người có thẩm quyền cấp Giấy chứng nhận này và trong trường hợp nào thì Ủy ban nhân dân cấp tỉnh có thể ủy quyền cho cơ quan khác?","['ại các điểm a, b, c và d khoản này là cơ quan có thẩm quyền cấp Giấy chứng nhận quyền sử dụng đất, quyền sở hữu tài sản gắn liền với đất quy định tại Điều 136 của Luật này.\n    4. Cơ quan có thẩm quyền cấp Giấy chứng nhận quyền sử dụng đất, quyền sở hữu tà', 'ại khoản 2 và khoản 5 Điều này mà người sử dụng đất, chủ sở hữu tài sản gắn liền với đất không giao nộp giấy chứng nhận đã cấp thì cơ quan có thẩm quyền cấp Giấy chứng nhận quyền sử dụng đất, quyền sở hữu tài sản gắn liền với đất quy định tại Điều 136 của ', 'Cơ quan có thẩm quyền cấp Giấy chứng nhận quyền sử dụng đất, quyền sở hữu tài sản gắn liền với đất theo quy định tại điểm b khoản 1 Điều 136 của Luật này có trách nhiệm xác định lại diện tích đất ở và cấp Giấy chứng nhận quyền sử dụng đất, quyền sở hữu tài']","Các cơ quan có thẩm quyền cấp Giấy chứng nhận quyền sử dụng đất, quyền sở hữu tài sản gắn liền với đất được quy định tại Điều 136 của Luật này. Tuy nhiên, thông tin về việc Ủy ban nhân dân cấp tỉnh có thể ủy quyền cho cơ quan khác trong trường hợp nào không được cung cấp trong các ngữ cảnh.","Theo Điều 136, Ủy ban nhân dân cấp tỉnh có thẩm quyền cấp Giấy chứng nhận quyền sử dụng đất, quyền sở hữu tài sản gắn liền với đất cho người sử dụng đất và chủ sở hữu tài sản gắn liền với đất trong các trường hợp đăng ký lần đầu. Ủy ban nhân dân cấp tỉnh cũng có thể ủy quyền cho cơ quan có chức năng quản lý đất đai cùng cấp để cấp Giấy chứng nhận quyền sử dụng đất trong các trường hợp quy định tại khoản này.",1.0,0.0,0.8333333332916666,1.0
"What are the rights and obligations of economic organizations regarding land use transfer and change of land use purpose as outlined in Article 26, and how do these relate to the requirements for public entities seeking to lease land?","['c đích sử dụng đất có quyền và nghĩa vụ chung quy định tại Điều 26 và Điều 31 của Luật này.\n    2. Tổ chức kinh tế nhận chuyển nhượng quyền sử dụng đất có nguồn gốc do được Nhà nước giao có thu tiền sử dụng đất hoặc Nhà nước cho thuê đất thu tiền thuê đất ', 'n sử dụng đất có quyền và nghĩa vụ chung quy định tại Điều 26 và Điều 31 của Luật này.\n    2. Tổ chức trong nước, tổ chức tôn giáo, tổ chức tôn giáo trực thuộc được Nhà nước giao đất không thu tiền sử dụng đất không có quyền chuyển đổi, chuyển nhượng, tặng', 'cho thuê đất có quyền và nghĩa vụ chung quy định tại Điều 26 và Điều 31 của Luật này.\n    2. Cá nhân sử dụng đất được cơ quan nhà nước có thẩm quyền cho phép chuyển mục đích sử dụng đất từ đất được Nhà nước giao đất không thu tiền sử dụng đất sang đất được']","The contexts provided do not contain enough information to fully outline the rights and obligations of economic organizations regarding land use transfer and change of land use purpose as outlined in Article 26. Additionally, there is no specific information on how these relate to the requirements for public entities seeking to lease land.","According to Article 26, economic organizations that receive the transfer of land use rights or change the purpose of land use have specific rights and obligations. These include adhering to the general rights and obligations stipulated in Article 26 and Article 31 of the law. Additionally, for public entities that are currently using land and wish to lease it, they must have an approved plan for the use of public assets for leasing, joint ventures, or partnerships, which must be sanctioned by the competent authority in accordance with the law governing the management and use of public assets.",1.0,0.0,0.9999999999666667,0.6666666666666666
"Luat so 35/2018/QH14 co nhung quy dinh gi ve viec chuyen tiep quy hoach, ke hoach su dung dat khi Luat nay co hieu luc thi hanh?","['ng một số điều theo Luật số 35/2018/QH14 (sau đây gọi là Luật Đất đai số 45/2013/QH13) hết hiệu lực kể từ ngày Luật này có hiệu lực thi hành.\nĐiều 253. Quy định chuyển tiếp về quy hoạch, kế hoạch sử dụng đất khi Luật này có hiệu lực thi hành\n    1. Quy hoạ', '6/2017/QH14 đã được sửa\nđổi, bổ sung một số điều theo Luật số 35/2018/QH14 và Luật số 16/2023/QH15.\n    2. Bãi bỏ Nghị quyết số 132/2020/QH14 ngày 17 tháng 11 năm 2020 của Quốc hội thí điểm một số chính sách để tháo gỡ vướng mắc, tồn đọng trong quản lý, sử', 'u:\n        a) Bãi bỏ khoản 3 Điều 36 và khoản 2 Điều 86 của Luật Quản lý, sử dụng tài sản công số 15/2017/QH14 đã được sửa đổi, bổ sung một số điều theo Luật số 64/2020/QH14 và Luật số 07/2022/QH15;\n        b) Bãi bỏ khoản 1 Điều 12 của Luật Đường sắt số 0']","Luật số 35/2018/QH14 quy định về việc chuyển tiếp quy hoạch, kế hoạch sử dụng đất khi Luật này có hiệu lực thi hành, nhưng thông tin cụ thể về các quy định này không được cung cấp trong các ngữ cảnh.","Luật số 35/2018/QH14 quy định rằng quy hoạch, kế hoạch sử dụng đất đã được cơ quan nhà nước có thẩm quyền quyết định, phê duyệt trước ngày Luật này có hiệu lực thi hành thì được tiếp tục thực hiện và sẽ được điều chỉnh khi rà soát quy hoạch, kế hoạch sử dụng đất theo quy định tại Điều 73 của Luật này. Đối với địa phương đã được phê duyệt quy hoạch tỉnh thời kỳ 2021 - 2030 theo quy định của pháp luật về quy hoạch trước ngày Luật này có hiệu lực thi hành, thì được tiếp tục sử dụng phương án phân bổ và khoanh vùng đất đai trong quy hoạch tỉnh để thực hiện công tác quản lý đất đai cho đến hết kỳ quy hoạch. Việc điều chỉnh quy hoạch tỉnh sẽ thực hiện theo quy định của Luật Quy hoạch số 21/2017/QH14.",0.6666666666666666,0.0,0.9999999999,0.6666666666666666
Điều 187 nói về cái gì liên quan đến đất làm muối?,"['ng không được ghi nhận tài sản là tài sản công trên Giấy chứng nhận quyền sử dụng đất, quyền sở hữu tài sản gắn liền với đất.\nĐiều 187. Đất làm muối\n    1. Đất làm muối được Nhà nước giao cho cá nhân trong hạn mức giao đất quy định tại Điều 176 của Luật nà', ' khả năng làm muối\nđể sản xuất muối phục vụ cho nhu cầu công nghiệp và đời sống.\nĐiều 188. Đất có mặt nước là ao, hồ, đầm\n    1. Đất có mặt nước là ao, hồ, đầm được Nhà nước giao theo hạn mức đối với cá nhân để sử dụng vào mục đích nuôi trồng thủy sản, sản', 'y tại địa phương để sản xuất muối. Trường hợp người đang sử dụng đất sử dụng vượt hạn mức giao đất thì phần vượt hạn mức giao đất phải chuyển sang thuê đất.\nĐất làm muối được Nhà nước cho thuê đối với tổ chức kinh tế, người gốc Việt Nam định cư ở nước ngoà']",Điều 187 nói về việc Nhà nước giao đất làm muối cho cá nhân trong hạn mức giao đất quy định.,"Điều 187 quy định về đất làm muối, tuy nhiên, thông tin chi tiết về nội dung cụ thể của Điều 187 không được cung cấp trong ngữ cảnh hiện tại.",1.0,0.3467773616357425,0.9999999999666667,1.0
Điều 172 nói gì về việc sử dụng đất khi hết thời hạn?,"['quyền sử dụng đất trong hợp đồng thế chấp để xử lý nợ, bản án,\nquyết định của Tòa án, quyết định thi hành án của cơ quan thi hành án đã được thi hành mà hết thời hạn sử dụng đất thì được tiếp tục sử dụng đất theo thời hạn quy định tại Điều 172 của Luật này', ' mà trong giấy tờ không ghi thời hạn sử dụng đất hoặc có ghi thời hạn sử dụng đất nhưng không phù hợp với quy định của pháp luật về đất đai tại thời điểm có giấy tờ đó thì thời hạn sử dụng đất được xác định theo quy định tại Điều 172 của Luật này và được t', ' Điều chỉnh thời hạn sử dụng đất là việc cơ quan nhà nước có thẩm quyền cho phép thay đổi thời hạn sử dụng đất trong quá trình sử dụng đất.\n    18. Gia hạn sử dụng đất là việc cơ quan nhà nước có thẩm quyền cho phép tiếp tục sử dụng đất khi hết thời hạn th']","Điều 172 quy định rằng khi hết thời hạn sử dụng đất, quyền sử dụng đất trong hợp đồng thế chấp vẫn được tiếp tục sử dụng theo thời hạn quy định, và nếu giấy tờ không ghi thời hạn hoặc ghi không phù hợp, thời hạn sử dụng đất sẽ được xác định theo quy định tại Điều 172.",Điều 172 quy định rằng quyết định của Tòa án và quyết định thi hành án của cơ quan thi hành án đã được thi hành mà hết thời hạn sử dụng đất thì được tiếp tục sử dụng đất theo thời hạn quy định tại Điều 172 mà không phải làm thủ tục gia hạn.,1.0,0.6560667096497024,0.9999999999666667,1.0
"Làm thế nào mà Điều 140 quy định về việc cấp Giấy chứng nhận quyền sử dụng đất cho hộ gia đình, cá nhân đang sử dụng đất không đúng thẩm quyền, và điều này ảnh hưởng đến việc cấp Giấy chứng nhận quyền sử dụng đất cho những hộ gia đình, cá nhân không có tranh chấp?","[' giao không đúng thẩm quyền\nViệc cấp Giấy chứng nhận quyền sử dụng đất, quyền sở hữu tài sản gắn liền với đất đối với trường hợp hộ gia đình, cá nhân đang sử dụng đất ổn định mà không có một trong các loại giấy tờ về quyền sử dụng đất quy định tại Điều 137', 'ất.\nĐiều 138. Cấp Giấy chứng nhận quyền sử dụng đất, quyền sở hữu tài sản gắn liền với đất đối với trường hợp hộ gia đình, cá nhân đang sử dụng đất không có giấy tờ về quyền sử dụng đất mà không vi phạm pháp luật về đất đai, không thuộc trường hợp đất được', 'n liền với đất hoặc xác nhận thay đổi vào giấy chứng nhận đã cấp.\nĐiều 137. Cấp Giấy chứng nhận quyền sử dụng đất, quyền sở hữu tài sản gắn liền với đất đối với hộ gia đình, cá nhân, cộng đồng dân cư đang sử dụng đất có giấy tờ về quyền sử dụng đất\n    1. ']","Không có thông tin trong các bối cảnh đã cung cấp về Điều 140 hoặc cách thức quy định của nó ảnh hưởng đến việc cấp Giấy chứng nhận quyền sử dụng đất cho hộ gia đình, cá nhân không có tranh chấp.","Điều 140 quy định rằng Giấy chứng nhận quyền sử dụng đất, quyền sở hữu tài sản gắn liền với đất sẽ không được cấp cho hộ gia đình, cá nhân đang sử dụng đất được giao không đúng thẩm quyền. Điều này có nghĩa là nếu hộ gia đình, cá nhân vi phạm quy định về quyền sử dụng đất, họ sẽ không nhận được Giấy chứng nhận. Ngược lại, những hộ gia đình, cá nhân đang sử dụng đất nông nghiệp do tự khai hoang và không có tranh chấp sẽ được Nhà nước cấp Giấy chứng nhận quyền sử dụng đất theo hạn mức giao đất nông nghiệp do Ủy ban nhân dân cấp tỉnh quy định.",1.0,0.0,0.99999999995,0.6666666666666666
"What principles outlined in Điều 112 govern the development, management, and exploitation of land resources, and how do they relate to the provisions in Điều 113 regarding land management by organizations?","['Điều 112. Nguyên tắc phát triển, quản lý và khai thác quỹ đất\nViệc phát triển, quản lý và khai thác quỹ đất phải theo quy hoạch sử dụng đất, kế hoạch sử dụng đất, sử dụng đất đúng mục đích, công khai, minh bạch, hợp lý, hiệu quả và theo quy định của pháp l', 'uật; bảo đảm đáp ứng yêu cầu phát triển kinh tế - xã hội, hỗ trợ tái định cư, an sinh xã hội, bố trí đất ở, đất sản xuất cho đồng bào dân tộc thiểu số để thực hiện chính sách theo quy định của Luật này.\nĐiều 113. Đất do tổ chức phát triển quỹ đất phát triể', ' thiệt hại đối với cây trồng, vật nuôi thì việc bồi thường thực hiện theo quy định sau đây:\n    1. Đối với cây hằng năm, mức bồi thường được tính bằng giá trị sản lượng của vụ thu hoạch đối với cây trồng đó. Giá trị sản lượng của vụ thu hoạch được tính the']","Điều 112 outlines principles for the development, management, and exploitation of land resources, emphasizing adherence to land use planning, transparency, efficiency, and compliance with legal regulations. It also highlights the need to support socio-economic development and provide land for resettlement and ethnic minorities. Điều 113 relates to these principles by addressing the role of organizations in land management, indicating that their activities should align with the established principles in Điều 112.","Điều 112 outlines the principles for the development, management, and exploitation of land resources, emphasizing that these activities must adhere to land use planning, be conducted transparently and effectively, and comply with legal regulations. It also highlights the need to support socio-economic development, resettlement, social welfare, and provide land for ethnic minorities. In relation to Điều 113, it specifies that the provincial People's Committees are responsible for assigning land management and exploitation to organizations, which can include land acquired through specific legal provisions for purposes such as land use rights auctions and urban development.",1.0,0.8102999973210273,0.9999999999,0.6666666666666666
"Làm thế nào Điều 235 liên quan đến nhiệm vụ của thanh tra, kiểm tra chuyên ngành đất đai trong việc hòa giải tranh chấp đất đai?","['ước thực hiện kiểm toán việc quản lý, sử dụng đất đai theo quy định của Luật Kiểm toán nhà nước và quy định khác của pháp luật có liên quan.\n    8. Chính phủ quy định chi tiết về kiểm tra chuyên ngành đất đai.\nĐiều 235. Hòa giải tranh chấp đất đai\n    1. N', 'Điều 234. Thanh tra, kiểm tra chuyên ngành đất đai, kiểm toán đất đai\n    1. Thanh tra chuyên ngành đất đai là hoạt động thanh tra của cơ quan nhà nước có thẩm quyền đối với cơ quan, tổ chức, cá nhân trong việc chấp hành pháp luật về đất đai, quy định về c', 'quản lý đất đai cấp tỉnh chịu trách nhiệm tổ chức thực hiện thanh tra, kiểm tra chuyên ngành đất đai;\n        c) Cơ quan có chức năng quản lý đất đai cấp huyện chịu trách nhiệm tổ chức kiểm tra chuyên ngành đất đai.\n    4. Nội dung thanh tra, kiểm tra về đ']","Context 1 chỉ đề cập đến việc hòa giải tranh chấp đất đai mà không cung cấp thông tin cụ thể về mối liên hệ giữa Điều 235 và nhiệm vụ của thanh tra, kiểm tra chuyên ngành đất đai. Do đó, không có đủ thông tin để trả lời câu hỏi này.","Điều 235 quy định về hòa giải tranh chấp đất đai, trong khi nhiệm vụ của thanh tra, kiểm tra chuyên ngành đất đai bao gồm việc thanh tra, kiểm tra việc chấp hành pháp luật của cơ quan nhà nước và người sử dụng đất trong quản lý và sử dụng đất đai. Điều này có thể liên quan đến việc phát hiện và xử lý các vi phạm pháp luật về đất đai, từ đó hỗ trợ quá trình hòa giải tranh chấp đất đai.",0.6666666666666666,0.0,0.8333333332916666,0.5
"Điều 246 nói về việc sửa đổi khoản 4 Điều 106 của Luật Thi hành án dân sự, vậy nó có ý nghĩa gì cho việc cấp Giấy chứng nhận quyền sử dụng đất cho người mua tài sản thi hành án?","[' tên, đổi tên đơn vị hành chính quy định tại khoản 1 và khoản 2 Điều này.”.\nĐiều 246. Sửa đổi, bổ sung khoản 4 Điều 106 của Luật Thi hành án dân sự số 26/2008/QH12 đã được sửa đổi, bổ sung một số điều theo Luật số 64/2014/QH13, Luật số 23/2018/QH14, Luật s', 'ố 67/2020/QH14 và Luật số 03/2022/QH15\nSửa đổi, bổ sung khoản 4 Điều 106 như sau:\n“4. Trường hợp tài sản là quyền sử dụng đất, tài sản gắn liền với đất mà đủ điều kiện nhưng chưa được cấp giấy chứng nhận lần đầu thì cơ quan thi hành án có trách nhiệm đề ng', 'ng đất, quyền sở hữu tài sản gắn liền với đất cho người mua được tài sản thi hành án, người nhận tài sản thi hành án theo quy định của pháp luật.”.\nĐiều 247. Sửa đổi, bổ sung khoản 1 Điều 14 của Luật Thuế thu nhập cá nhân số 04/2007/QH12 đã được sửa đổi, b']","Điều 246 có ý nghĩa quan trọng trong việc cấp Giấy chứng nhận quyền sử dụng đất cho người mua tài sản thi hành án, vì nó quy định trách nhiệm của cơ quan thi hành án trong việc cấp giấy chứng nhận cho tài sản là quyền sử dụng đất và tài sản gắn liền với đất, ngay cả khi chưa được cấp giấy chứng nhận lần đầu. Điều này giúp đảm bảo quyền lợi cho người mua tài sản thi hành án.","Điều 246 sửa đổi, bổ sung khoản 4 Điều 106 của Luật Thi hành án dân sự quy định rằng trong trường hợp tài sản là quyền sử dụng đất mà chưa được cấp giấy chứng nhận lần đầu, cơ quan thi hành án có trách nhiệm đề nghị cơ quan có thẩm quyền cấp Giấy chứng nhận quyền sử dụng đất cho người mua tài sản thi hành án. Điều này có ý nghĩa quan trọng trong việc đảm bảo quyền lợi hợp pháp cho người nhận tài sản thi hành án, giúp họ có được giấy tờ hợp pháp cho quyền sử dụng đất và tài sản gắn liền với đất.",0.5,0.48143557470809456,0.9999999999666667,0.5
"Quyền và nghĩa vụ của tổ chức nước ngoài có chức năng ngoại giao, người gốc Việt Nam định cư ở nước ngoài là gì?","['ệt Nam là thành viên có quy định khác thì tổ chức nước ngoài có chức năng ngoại giao có quyền và nghĩa vụ theo điều ước quốc tế đó.\nĐiều 41. Quyền và nghĩa vụ của người gốc Việt Nam định cư ở nước ngoài, tổ chức kinh tế có vốn đầu tư nước ngoài sử dụng đất', 'Mục 4\nQUYỀN VÀ NGHĨA VỤ CỦA TỔ CHỨC NƯỚC NGOÀI\nCÓ CHỨC NĂNG NGOẠI GIAO, NGƯỜI GỐC VIỆT NAM ĐỊNH CƯ Ở NƯỚC NGOÀI, TỔ CHỨC KINH TẾ CÓ VỐN ĐẦU TƯ NƯỚC NGOÀI SỬ DỤNG ĐẤT', 'Điều 40. Quyền và nghĩa vụ của tổ chức nước ngoài có chức năng ngoại giao\n    1. Tổ chức nước ngoài có chức năng ngoại giao sử dụng đất tại Việt Nam có các quyền và nghĩa vụ sau đây:\n        a) Quyền và nghĩa vụ chung quy định tại Điều 26 và Điều 31 của Lu']","Quyền và nghĩa vụ của tổ chức nước ngoài có chức năng ngoại giao và người gốc Việt Nam định cư ở nước ngoài được quy định tại các điều ước quốc tế và các điều luật liên quan, nhưng thông tin cụ thể về quyền và nghĩa vụ này không được cung cấp đầy đủ trong các ngữ cảnh.","Quyền và nghĩa vụ của tổ chức nước ngoài có chức năng ngoại giao, người gốc Việt Nam định cư ở nước ngoài bao gồm việc sử dụng đất theo quy định của pháp luật liên quan đến đầu tư nước ngoài.",0.5,0.0,0.9999999999666667,1.0
"What are the regulations outlined in Điều 185 regarding the management and use of protective forest land, and how do they relate to the leasing of production forest land to foreign-invested economic organizations?","['ủa pháp luật về lâm nghiệp.\n    5. Nhà nước cho tổ chức kinh tế có vốn đầu tư nước ngoài thuê đất rừng sản xuất để thực hiện dự án trồng rừng sản xuất.\nĐiều 185. Đất rừng phòng hộ\n    1. Nhà nước giao đất rừng phòng hộ để quản lý, sử dụng, bảo vệ, phát tri', 'm công bố công khai mốc giới hành lang bảo vệ an toàn, khu vực, vành đai an toàn và chịu trách nhiệm chính về việc bảo vệ an toàn công trình, khu vực có hành lang bảo vệ an toàn; trường hợp đất thuộc hành lang bảo vệ an toàn, khu vực bảo vệ, vành đai an to', ' thiệt hại đối với cây trồng, vật nuôi thì việc bồi thường thực hiện theo quy định sau đây:\n    1. Đối với cây hằng năm, mức bồi thường được tính bằng giá trị sản lượng của vụ thu hoạch đối với cây trồng đó. Giá trị sản lượng của vụ thu hoạch được tính the']","Điều 185 outlines that the state allocates protective forest land for management, use, and protection. It also mentions that the state allows foreign-invested economic organizations to lease production forest land for reforestation projects. However, the specific regulations regarding the management and use of protective forest land in relation to leasing production forest land are not detailed in the provided contexts.","Điều 185 outlines the regulations for the management, use, protection, and development of protective forest land. It specifies that the state allocates protective forest land to various entities, including forest management boards, economic organizations with interspersed protective forest land within their production forest areas, legal residents in the locality, and community groups in the area. This regulation ensures that these entities can construct infrastructure for the management and protection of forests in accordance with forestry laws. The leasing of production forest land to foreign-invested economic organizations is a separate provision that allows these organizations to engage in production activities, but it must be done in compliance with the overarching regulations set forth in Điều 185 regarding the management of protective forest areas.",1.0,0.0,0.9999999999,0.5
"What are the conditions under which land can be reclaimed according to Điều 181 of the law, particularly in relation to environmental hazards and investment project termination?","[' đầu tư đã được cơ quan có thẩm quyền phê duyệt;\n        d) Đất nhận khoán, trừ trường hợp được công nhận quyền sử dụng đất tại\nđiểm a khoản 2 Điều 181 của Luật này;\nđ) Đất đã có quyết định thu hồi đất của cơ quan nhà nước có thẩm quyền, trừ trường hợp đã ', ' định tại khoản 1 Điều 107 của Luật này.\n    2. Đất do cơ quan, tổ chức của Nhà nước quản lý quy định tại Điều 217 của Luật này.\n    3. Đất thu hồi trong các trường hợp quy định tại Điều 81, khoản 1 và khoản 2\nĐiều 82 của Luật này.\n    4. Trường hợp không ', 'm công bố công khai mốc giới hành lang bảo vệ an toàn, khu vực, vành đai an toàn và chịu trách nhiệm chính về việc bảo vệ an toàn công trình, khu vực có hành lang bảo vệ an toàn; trường hợp đất thuộc hành lang bảo vệ an toàn, khu vực bảo vệ, vành đai an to']","The provided contexts do not contain sufficient information to answer the question regarding the conditions under which land can be reclaimed according to Điều 181 of the law, particularly in relation to environmental hazards and investment project termination.","According to Điều 181 of the law, land can be reclaimed under several conditions: 1) When an investment project is terminated as per investment law; 2) If the land user has reduced or no longer needs the land and voluntarily returns it; 3) In cases where there is a threat to human life due to environmental pollution or other natural disasters, such as land that is in a polluted area posing a risk to human life or land that is at risk of landslides or subsidence.",0.0,0.0,0.0,0.0
