question,answer,accuracy,relevance,conciseness,helpfulness,overall
Khi nào là thoi gian ky cho luat dat dai theo thong tin da duoc cung cap?,This is a sample answer for: Khi nào là thoi gian ky cho luat dat dai theo thong tin da duoc cung ca,2,3,4,2,2.75
Cộng hòa xã hội chủ nghĩa Việt Nam có luật gì về đất đai?,This is a sample answer for: Cộng hòa xã hội chủ nghĩa Việt Nam có luật gì về đất đai?... It provide,2,3,4,2,2.75
Chính phủ có vai trò gì trong việc quản lý đất đai và quyền sử dụng đất nông nghiệp?,This is a sample answer for: Chính phủ có vai trò gì trong việc quản lý đất đai và quyền sử dụng đất,2,3,4,2,2.75
What are the key definitions and concepts outlined in the Luật regarding land use and investment?,This is a sample answer for: What are the key definitions and concepts outlined in the Luật regardin,2,3,4,2,2.75
Cộng hòa xã hội chủ nghĩa Việt Nam có những quy định gì về chuyển mục đích sử dụng đất và chuyển quy,This is a sample answer for: Cộng hòa xã hội chủ nghĩa Việt Nam có những quy định gì về chuyển mục đ,2,3,4,2,2.75
Luật là gì trong việc đăng ký đất đai?,This is a sample answer for: Luật là gì trong việc đăng ký đất đai?... It provides relevant informat,2,3,4,2,2.75
Nhà nước hỗ trợ gì khi thu hồi đất?,This is a sample answer for: Nhà nước hỗ trợ gì khi thu hồi đất?... It provides relevant information,2,3,4,2,2.75
Nhà nước cho thuê quyền sử dụng đất là gì?,This is a sample answer for: Nhà nước cho thuê quyền sử dụng đất là gì?... It provides relevant info,2,3,4,2,2.75
What does Nhà nước mean in the context of land use rights?,This is a sample answer for: What does Nhà nước mean in the context of land use rights?... It provid,2,3,4,2,2.75
What is the role of Nhà nước in land use payments in Vietnam?,This is a sample answer for: What is the role of Nhà nước in land use payments in Vietnam?... It pro,2,3,4,2,2.75
Mục đích sử dụng là gì trong đất đai?,This is a sample answer for: Mục đích sử dụng là gì trong đất đai?... It provides relevant informati,2,3,4,3,3.0
What types of organizations are defined under Luật Đầu tư in Vietnam?,This is a sample answer for: What types of organizations are defined under Luật Đầu tư in Vietnam?..,1,2,3,2,2.0
What are the principles of land use according to the Luật?,This is a sample answer for: What are the principles of land use according to the Luật?... It provid,1,2,3,1,1.75
Chủ tịch Ủy ban nhân dân cấp xã có trách nhiệm gì đối với việc sử dụng đất nông nghiệp vào mục đích ,This is a sample answer for: Chủ tịch Ủy ban nhân dân cấp xã có trách nhiệm gì đối với việc sử dụng ,2,3,4,2,2.75
Người nào chịu trách nhiệm theo pháp luật về việc quản lý đất được giao?,This is a sample answer for: Người nào chịu trách nhiệm theo pháp luật về việc quản lý đất được giao,3,4,4,3,3.5
Thể thao là gì trong quản lý đất đai?,This is a sample answer for: Thể thao là gì trong quản lý đất đai?... It provides relevant informati,1,2,3,2,2.0
Đất phi nông nghiệp là gì và bao gồm những loại nào?,This is a sample answer for: Đất phi nông nghiệp là gì và bao gồm những loại nào?... It provides rel,1,2,3,2,2.0
What are the responsibilities of the authorities regarding the issuance and correction of the Giấy c,This is a sample answer for: What are the responsibilities of the authorities regarding the issuance,2,3,4,2,2.75
"Làm thế nào để tuân thủ trình tự, thủ tục khi đính chính hoặc thu hồi Giấy chứng nhận quyền sử dụng ","This is a sample answer for: Làm thế nào để tuân thủ trình tự, thủ tục khi đính chính hoặc thu hồi G",3,4,4,3,3.5
What are the key components of the national defense land use planning and how does it relate to the ,This is a sample answer for: What are the key components of the national defense land use planning a,2,3,4,2,2.75
Cơ quan nào có trách nhiệm đính chính giấy chứng nhận quyền sử dụng đất và điều kiện nào để tổ chức ,This is a sample answer for: Cơ quan nào có trách nhiệm đính chính giấy chứng nhận quyền sử dụng đất,2,3,4,2,2.75
What responsibilities does the Ủy ban nhân dân cấp tỉnh have regarding the Giấy chứng nhận quyền sử ,This is a sample answer for: What responsibilities does the Ủy ban nhân dân cấp tỉnh have regarding ,1,2,3,1,1.75
What are the principles governing the issuance of the Giấy chứng nhận quyền sử dụng đất and how do t,This is a sample answer for: What are the principles governing the issuance of the Giấy chứng nhận q,2,3,4,2,2.75
Bộ trưởng Bộ Tài nguyên và Môi trường có vai trò gì trong việc bảo vệ môi trường và quyết định trưng,This is a sample answer for: Bộ trưởng Bộ Tài nguyên và Môi trường có vai trò gì trong việc bảo vệ m,3,4,4,3,3.5
"Giấy chứng nhận quyền sử dụng đất có liên quan gì đến diện tích đất được cấp cho hộ gia đình, cá nhâ",This is a sample answer for: Giấy chứng nhận quyền sử dụng đất có liên quan gì đến diện tích đất đượ,2,3,4,2,2.75
What are the conditions for land recovery for national defense purposes and how does it relate to th,This is a sample answer for: What are the conditions for land recovery for national defense purposes,2,3,4,2,2.75
Giấy chứng nhận quyền sử dụng đất có thể bị thu hồi trong trường hợp nào theo Luật Đất đai số 45/201,This is a sample answer for: Giấy chứng nhận quyền sử dụng đất có thể bị thu hồi trong trường hợp nà,1,2,3,2,2.0
Làm thế nào để quản lý đất đai và đính chính giấy chứng nhận quyền sử dụng đất trong trường hợp có s,This is a sample answer for: Làm thế nào để quản lý đất đai và đính chính giấy chứng nhận quyền sử d,2,3,4,2,2.75
Cơ quan có thẩm quyền nào có trách nhiệm đính chính giấy chứng nhận quyền sử dụng đất và thu hồi giấ,This is a sample answer for: Cơ quan có thẩm quyền nào có trách nhiệm đính chính giấy chứng nhận quy,1,2,3,1,1.75
Làm thế nào mà quy hoạch sử dụng đất cấp huyện ảnh hưởng đến việc cấp Giấy chứng nhận quyền sử dụng ,This is a sample answer for: Làm thế nào mà quy hoạch sử dụng đất cấp huyện ảnh hưởng đến việc cấp G,2,3,4,2,2.75
